{
"__comment": "Designed by Delocuro with BDcraft Cubik PRO 0.85 Beta - http://bdcraft.net",
"textures": {
    "particle": "blocks/rail_activator",
    "texture": "blocks/rail_activator"
},
"elements": [ 
{
    "from": [ 7, 0, 11 ],
    "to": [ 9, 1, 13 ],
    "faces": {
        "down":  { "uv": [ 7, 13, 9, 11 ], "texture": "#texture" },
        "up":    { "uv": [ 7, 11, 9, 13 ], "texture": "#texture" },
        "west":  { "uv": [ 7, 13, 8, 11 ], "rotation": 90, "texture": "#texture" },
        "east":  { "uv": [ 8, 11, 9, 13 ], "rotation": 90, "texture": "#texture" }
    }
},
{
    "from": [ 7, 0, 7 ],
    "to": [ 9, 1, 9 ],
    "faces": {
        "down":  { "uv": [ 7, 9, 9, 7 ], "texture": "#texture" },
        "up":    { "uv": [ 7, 7, 9, 9 ], "texture": "#texture" },
        "west":  { "uv": [ 7, 9, 8, 7 ], "rotation": 90, "texture": "#texture" },
        "east":  { "uv": [ 8, 7, 9, 9 ], "rotation": 90, "texture": "#texture" }
    }
},
{
    "from": [ 7, 0, 3 ],
    "to": [ 9, 1, 5 ],
    "faces": {
        "down":  { "uv": [ 7, 5, 9, 3 ], "texture": "#texture" },
        "up":    { "uv": [ 7, 3, 9, 5 ], "texture": "#texture" },
        "west":  { "uv": [ 7, 3, 8, 5 ], "rotation": 90, "texture": "#texture" },
        "east":  { "uv": [ 8, 3, 9, 5 ], "rotation": 90, "texture": "#texture" }
    }
},
{
    "from": [ 2, 0, 0 ],
    "to": [ 4, 2, 16 ],
    "faces": {
        "down":  { "uv": [ 2, 0, 4, 16 ], "texture": "#texture" },
        "up":    { "uv": [ 2, 0, 4, 16 ], "texture": "#texture" },
        "north": { "uv": [ 12, 14, 14, 16 ], "texture": "#texture" },
        "south": { "uv": [ 2, 14, 4, 16 ], "texture": "#texture" },
        "west":  { "uv": [ 2, 0, 4, 16 ], "rotation": 90, "texture": "#texture" },
        "east":  { "uv": [ 2, 0, 4, 16 ], "rotation": 90, "texture": "#texture" }
    }
},
{
    "from": [ 12, 0, 0 ],
    "to": [ 14, 2, 16 ],
    "faces": {
        "down":  { "uv": [ 12, 16, 14, 0 ], "texture": "#texture" },
        "up":    { "uv": [ 12, 0, 14, 16 ], "texture": "#texture" },
        "north": { "uv": [ 2, 14, 4, 16 ], "texture": "#texture" },
        "south": { "uv": [ 12, 14, 14, 16 ], "texture": "#texture" },
        "west":  { "uv": [ 2, 0, 4, 16 ], "rotation": 90, "texture": "#texture" },
        "east":  { "uv": [ 2, 0, 4, 16 ], "rotation": 90, "texture": "#texture" }
    }
},
{
    "from": [ 1, 0, 1 ],
    "to": [ 15, 1, 3 ],
    "faces": {
        "down":  { "uv": [ 1, 3, 15, 1 ], "texture": "#texture" },
        "up":    { "uv": [ 1, 1, 15, 3 ], "texture": "#texture" },
        "north": { "uv": [ 1, 1, 15, 2 ], "texture": "#texture" },
        "south": { "uv": [ 1, 2, 15, 3 ], "texture": "#texture" },
        "west":  { "uv": [ 1, 3, 2, 1 ], "rotation": 90, "texture": "#texture" },
        "east":  { "uv": [ 14, 1, 15, 3 ], "rotation": 90, "texture": "#texture" }
    }
},
{
    "from": [ 1, 0, 5 ],
    "to": [ 15, 1, 7 ],
    "faces": {
        "down":  { "uv": [ 1, 7, 15, 5 ], "texture": "#texture" },
        "up":    { "uv": [ 1, 5, 15, 7 ], "texture": "#texture" },
        "north": { "uv": [ 1, 5, 15, 6 ], "texture": "#texture" },
        "south": { "uv": [ 1, 6, 15, 7 ], "texture": "#texture" },
        "west":  { "uv": [ 1, 7, 2, 5 ], "rotation": 90, "texture": "#texture" },
        "east":  { "uv": [ 14, 5, 15, 7 ], "rotation": 90, "texture": "#texture" }
    }
},
{
    "from": [ 1, 0, 9 ],
    "to": [ 15, 1, 11 ],
    "faces": {
        "down":  { "uv": [ 1, 11, 15, 9 ], "texture": "#texture" },
        "up":    { "uv": [ 1, 9, 15, 11 ], "texture": "#texture" },
        "north": { "uv": [ 1, 9, 15, 10 ], "texture": "#texture" },
        "south": { "uv": [ 1, 10, 15, 11 ], "texture": "#texture" },
        "west":  { "uv": [ 1, 11, 2, 9 ], "rotation": 90, "texture": "#texture" },
        "east":  { "uv": [ 14, 9, 15, 11 ], "rotation": 90, "texture": "#texture" }
    }
},
{
    "from": [ 1, 0, 13 ],
    "to": [ 15, 1, 15 ],
    "faces": {
        "down":  { "uv": [ 1, 15, 15, 13 ], "texture": "#texture" },
        "up":    { "uv": [ 1, 13, 15, 15 ], "texture": "#texture" },
        "north": { "uv": [ 1, 13, 15, 14 ], "texture": "#texture" },
        "south": { "uv": [ 1, 14, 15, 15 ], "texture": "#texture" },
        "west":  { "uv": [ 14, 15, 15, 13 ], "rotation": 90, "texture": "#texture" },
        "east":  { "uv": [ 1, 13, 2, 15 ], "rotation": 90, "texture": "#texture" }
    }
}
]
}