{
"__comment": "Designed by Delocuro with BDcraft Cubik PRO 0.86 Beta - http://bdcraft.net",
"textures": {
    "particle": "blocks/cactus_top",
    "top": "blocks/cactus_top",
    "side": "blocks/cactus_side",
    "bottom": "blocks/cactus_bottom",
    "branchBottom": "blocks/cactus_branch_bottom",
    "branchFront": "blocks/cactus_branch_front",
    "branchSide": "blocks/cactus_branch_side",
    "branchTop": "blocks/cactus_branch_top"
},
"elements": [ 
{
    "from": [ 1, 0, 1 ],
    "to": [ 15, 16, 15 ],
    "faces": {
        "down":  { "uv": [ 15, 15, 1, 1 ], "texture": "#bottom", "cullface": "down" },
        "up":    { "uv": [ 1, 1, 15, 15 ], "texture": "#top", "cullface": "up" },
        "north": { "uv": [ 1, 0, 15, 16 ], "texture": "#side" },
        "south": { "uv": [ 1, 0, 15, 16 ], "texture": "#side" },
        "west":  { "uv": [ 1, 0, 15, 16 ], "texture": "#side" },
        "east":  { "uv": [ 1, 0, 15, 16 ], "texture": "#side" }
    }
},
{
    "from": [ 3, 15, 15 ],
    "to": [ 4, 16, 16 ],
    "faces": {
        "down":  { "uv": [ 13, 16, 12, 15 ], "texture": "#bottom" },
        "up":    { "uv": [ 3, 15, 4, 16 ], "texture": "#top", "cullface": "up" },
        "south": { "uv": [ 3, 0, 4, 1 ], "texture": "#side", "cullface": "south" },
        "west":  { "uv": [ 15, 0, 16, 1 ], "texture": "#side" },
        "east":  { "uv": [ 0, 0, 1, 1 ], "texture": "#side" }
    }
},
{
    "from": [ 3, 13, 15 ],
    "to": [ 4, 14, 16 ],
    "faces": {
        "down":  { "uv": [ 13, 16, 12, 15 ], "texture": "#bottom" },
        "up":    { "uv": [ 3, 15, 4, 16 ], "texture": "#top" },
        "south": { "uv": [ 3, 2, 4, 3 ], "texture": "#side", "cullface": "south" },
        "west":  { "uv": [ 15, 2, 16, 3 ], "texture": "#side" },
        "east":  { "uv": [ 0, 2, 1, 3 ], "texture": "#side" }
    }
},
{
    "from": [ 3, 11, 15 ],
    "to": [ 4, 12, 16 ],
    "faces": {
        "down":  { "uv": [ 13, 16, 12, 15 ], "texture": "#bottom" },
        "up":    { "uv": [ 3, 15, 4, 16 ], "texture": "#top" },
        "south": { "uv": [ 3, 4, 4, 5 ], "texture": "#side", "cullface": "south" },
        "west":  { "uv": [ 15, 4, 16, 5 ], "texture": "#side" },
        "east":  { "uv": [ 0, 4, 1, 5 ], "texture": "#side" }
    }
},
{
    "from": [ 3, 9, 15 ],
    "to": [ 4, 10, 16 ],
    "faces": {
        "down":  { "uv": [ 13, 16, 12, 15 ], "texture": "#bottom" },
        "up":    { "uv": [ 3, 15, 4, 16 ], "texture": "#top" },
        "south": { "uv": [ 3, 6, 4, 7 ], "texture": "#side", "cullface": "south" },
        "west":  { "uv": [ 15, 6, 16, 7 ], "texture": "#side" },
        "east":  { "uv": [ 0, 6, 1, 7 ], "texture": "#side" }
    }
},
{
    "from": [ 3, 7, 15 ],
    "to": [ 4, 8, 16 ],
    "faces": {
        "down":  { "uv": [ 13, 16, 12, 15 ], "texture": "#bottom" },
        "up":    { "uv": [ 3, 15, 4, 16 ], "texture": "#top" },
        "south": { "uv": [ 3, 8, 4, 9 ], "texture": "#side", "cullface": "south" },
        "west":  { "uv": [ 15, 8, 16, 9 ], "texture": "#side" },
        "east":  { "uv": [ 0, 8, 1, 9 ], "texture": "#side" }
    }
},
{
    "from": [ 3, 5, 15 ],
    "to": [ 4, 6, 16 ],
    "faces": {
        "down":  { "uv": [ 13, 16, 12, 15 ], "texture": "#bottom" },
        "up":    { "uv": [ 3, 15, 4, 16 ], "texture": "#top" },
        "south": { "uv": [ 3, 10, 4, 11 ], "texture": "#side", "cullface": "south" },
        "west":  { "uv": [ 15, 10, 16, 11 ], "texture": "#side" },
        "east":  { "uv": [ 0, 10, 1, 11 ], "texture": "#side" }
    }
},
{
    "from": [ 3, 3, 15 ],
    "to": [ 4, 4, 16 ],
    "faces": {
        "down":  { "uv": [ 13, 16, 12, 15 ], "texture": "#bottom" },
        "up":    { "uv": [ 3, 15, 4, 16 ], "texture": "#top" },
        "south": { "uv": [ 3, 12, 4, 13 ], "texture": "#side", "cullface": "south" },
        "west":  { "uv": [ 15, 12, 16, 13 ], "texture": "#side" },
        "east":  { "uv": [ 0, 12, 1, 13 ], "texture": "#side" }
    }
},
{
    "from": [ 3, 1, 15 ],
    "to": [ 4, 2, 16 ],
    "faces": {
        "down":  { "uv": [ 13, 16, 12, 15 ], "texture": "#bottom" },
        "up":    { "uv": [ 3, 15, 4, 16 ], "texture": "#top" },
        "south": { "uv": [ 3, 14, 4, 15 ], "texture": "#side", "cullface": "south" },
        "west":  { "uv": [ 15, 14, 16, 15 ], "texture": "#side" },
        "east":  { "uv": [ 0, 14, 1, 15 ], "texture": "#side" }
    }
},
{
    "from": [ 6, 2, 15 ],
    "to": [ 7, 3, 16 ],
    "faces": {
        "down":  { "uv": [ 10, 16, 9, 15 ], "texture": "#bottom" },
        "up":    { "uv": [ 6, 15, 7, 16 ], "texture": "#top" },
        "south": { "uv": [ 6, 13, 7, 14 ], "texture": "#side", "cullface": "south" },
        "west":  { "uv": [ 15, 13, 16, 14 ], "texture": "#side" },
        "east":  { "uv": [ 0, 13, 1, 14 ], "texture": "#side" }
    }
},
{
    "from": [ 6, 4, 15 ],
    "to": [ 7, 5, 16 ],
    "faces": {
        "down":  { "uv": [ 10, 16, 9, 15 ], "texture": "#bottom" },
        "up":    { "uv": [ 6, 15, 7, 16 ], "texture": "#top" },
        "south": { "uv": [ 6, 11, 7, 12 ], "texture": "#side", "cullface": "south" },
        "west":  { "uv": [ 15, 11, 16, 12 ], "texture": "#side" },
        "east":  { "uv": [ 0, 11, 1, 12 ], "texture": "#side" }
    }
},
{
    "from": [ 6, 0, 15 ],
    "to": [ 7, 1, 16 ],
    "faces": {
        "down":  { "uv": [ 10, 16, 9, 15 ], "texture": "#bottom", "cullface": "down" },
        "up":    { "uv": [ 6, 15, 7, 16 ], "texture": "#top" },
        "south": { "uv": [ 6, 15, 7, 16 ], "texture": "#side", "cullface": "south" },
        "west":  { "uv": [ 15, 15, 16, 16 ], "texture": "#side" },
        "east":  { "uv": [ 0, 15, 1, 16 ], "texture": "#side" }
    }
},
{
    "from": [ 6, 6, 15 ],
    "to": [ 7, 7, 16 ],
    "faces": {
        "down":  { "uv": [ 10, 16, 9, 15 ], "texture": "#bottom" },
        "up":    { "uv": [ 6, 15, 7, 16 ], "texture": "#top" },
        "south": { "uv": [ 6, 9, 7, 10 ], "texture": "#side", "cullface": "south" },
        "west":  { "uv": [ 15, 9, 16, 10 ], "texture": "#side" },
        "east":  { "uv": [ 0, 9, 1, 10 ], "texture": "#side" }
    }
},
{
    "from": [ 6, 8, 15 ],
    "to": [ 7, 9, 16 ],
    "faces": {
        "down":  { "uv": [ 10, 16, 9, 15 ], "texture": "#bottom" },
        "up":    { "uv": [ 6, 15, 7, 16 ], "texture": "#top" },
        "south": { "uv": [ 6, 7, 7, 8 ], "texture": "#side", "cullface": "south" },
        "west":  { "uv": [ 15, 7, 16, 8 ], "texture": "#side" },
        "east":  { "uv": [ 0, 7, 1, 8 ], "texture": "#side" }
    }
},
{
    "from": [ 6, 10, 15 ],
    "to": [ 7, 11, 16 ],
    "faces": {
        "down":  { "uv": [ 10, 16, 9, 15 ], "texture": "#bottom" },
        "up":    { "uv": [ 6, 15, 7, 16 ], "texture": "#top" },
        "south": { "uv": [ 6, 5, 7, 6 ], "texture": "#side", "cullface": "south" },
        "west":  { "uv": [ 15, 5, 16, 6 ], "texture": "#side" },
        "east":  { "uv": [ 0, 5, 1, 6 ], "texture": "#side" }
    }
},
{
    "from": [ 6, 12, 15 ],
    "to": [ 7, 13, 16 ],
    "faces": {
        "down":  { "uv": [ 10, 16, 9, 15 ], "texture": "#bottom" },
        "up":    { "uv": [ 6, 15, 7, 16 ], "texture": "#top" },
        "south": { "uv": [ 6, 3, 7, 4 ], "texture": "#side", "cullface": "south" },
        "west":  { "uv": [ 15, 3, 16, 4 ], "texture": "#side" },
        "east":  { "uv": [ 0, 3, 1, 4 ], "texture": "#side" }
    }
},
{
    "from": [ 6, 14, 15 ],
    "to": [ 7, 15, 16 ],
    "faces": {
        "down":  { "uv": [ 10, 16, 9, 15 ], "texture": "#bottom" },
        "up":    { "uv": [ 6, 15, 7, 16 ], "texture": "#top" },
        "south": { "uv": [ 6, 1, 7, 2 ], "texture": "#side", "cullface": "south" },
        "west":  { "uv": [ 15, 1, 16, 2 ], "texture": "#side" },
        "east":  { "uv": [ 0, 1, 1, 2 ], "texture": "#side" }
    }
},
{
    "from": [ 9, 15, 15 ],
    "to": [ 10, 16, 16 ],
    "faces": {
        "down":  { "uv": [ 7, 16, 6, 15 ], "texture": "#bottom" },
        "up":    { "uv": [ 9, 15, 10, 16 ], "texture": "#top", "cullface": "up" },
        "south": { "uv": [ 9, 0, 10, 1 ], "texture": "#side", "cullface": "south" },
        "west":  { "uv": [ 15, 0, 16, 1 ], "texture": "#side" },
        "east":  { "uv": [ 0, 0, 1, 1 ], "texture": "#side" }
    }
},
{
    "from": [ 9, 13, 15 ],
    "to": [ 10, 14, 16 ],
    "faces": {
        "down":  { "uv": [ 7, 16, 6, 15 ], "texture": "#bottom" },
        "up":    { "uv": [ 9, 15, 10, 16 ], "texture": "#top" },
        "south": { "uv": [ 9, 2, 10, 3 ], "texture": "#side", "cullface": "south" },
        "west":  { "uv": [ 15, 2, 16, 3 ], "texture": "#side" },
        "east":  { "uv": [ 0, 2, 1, 3 ], "texture": "#side" }
    }
},
{
    "from": [ 9, 11, 15 ],
    "to": [ 10, 12, 16 ],
    "faces": {
        "down":  { "uv": [ 7, 16, 6, 15 ], "texture": "#bottom" },
        "up":    { "uv": [ 9, 15, 10, 16 ], "texture": "#top" },
        "south": { "uv": [ 9, 4, 10, 5 ], "texture": "#side", "cullface": "south" },
        "west":  { "uv": [ 15, 4, 16, 5 ], "texture": "#side" },
        "east":  { "uv": [ 0, 4, 1, 5 ], "texture": "#side" }
    }
},
{
    "from": [ 9, 9, 15 ],
    "to": [ 10, 10, 16 ],
    "faces": {
        "down":  { "uv": [ 7, 16, 6, 15 ], "texture": "#bottom" },
        "up":    { "uv": [ 9, 15, 10, 16 ], "texture": "#top" },
        "south": { "uv": [ 9, 6, 10, 7 ], "texture": "#side", "cullface": "south" },
        "west":  { "uv": [ 15, 6, 16, 7 ], "texture": "#side" },
        "east":  { "uv": [ 0, 6, 1, 7 ], "texture": "#side" }
    }
},
{
    "from": [ 9, 7, 15 ],
    "to": [ 10, 8, 16 ],
    "faces": {
        "down":  { "uv": [ 7, 16, 6, 15 ], "texture": "#bottom" },
        "up":    { "uv": [ 9, 15, 10, 16 ], "texture": "#top" },
        "south": { "uv": [ 9, 8, 10, 9 ], "texture": "#side", "cullface": "south" },
        "west":  { "uv": [ 15, 8, 16, 9 ], "texture": "#side" },
        "east":  { "uv": [ 0, 8, 1, 9 ], "texture": "#side" }
    }
},
{
    "from": [ 9, 5, 15 ],
    "to": [ 10, 6, 16 ],
    "faces": {
        "down":  { "uv": [ 7, 16, 6, 15 ], "texture": "#bottom" },
        "up":    { "uv": [ 9, 15, 10, 16 ], "texture": "#top" },
        "south": { "uv": [ 9, 10, 10, 11 ], "texture": "#side", "cullface": "south" },
        "west":  { "uv": [ 15, 10, 16, 11 ], "texture": "#side" },
        "east":  { "uv": [ 0, 10, 1, 11 ], "texture": "#side" }
    }
},
{
    "from": [ 9, 3, 15 ],
    "to": [ 10, 4, 16 ],
    "faces": {
        "down":  { "uv": [ 7, 16, 6, 15 ], "texture": "#bottom" },
        "up":    { "uv": [ 9, 15, 10, 16 ], "texture": "#top" },
        "south": { "uv": [ 9, 12, 10, 13 ], "texture": "#side", "cullface": "south" },
        "west":  { "uv": [ 15, 12, 16, 13 ], "texture": "#side" },
        "east":  { "uv": [ 0, 12, 1, 13 ], "texture": "#side" }
    }
},
{
    "from": [ 9, 1, 15 ],
    "to": [ 10, 2, 16 ],
    "faces": {
        "down":  { "uv": [ 7, 16, 6, 15 ], "texture": "#bottom" },
        "up":    { "uv": [ 9, 15, 10, 16 ], "texture": "#top" },
        "south": { "uv": [ 9, 14, 10, 15 ], "texture": "#side", "cullface": "south" },
        "west":  { "uv": [ 15, 14, 16, 15 ], "texture": "#side" },
        "east":  { "uv": [ 0, 14, 1, 15 ], "texture": "#side" }
    }
},
{
    "from": [ 12, 0, 15 ],
    "to": [ 13, 1, 16 ],
    "faces": {
        "down":  { "uv": [ 4, 16, 3, 15 ], "texture": "#bottom", "cullface": "down" },
        "up":    { "uv": [ 12, 15, 13, 16 ], "texture": "#top" },
        "south": { "uv": [ 12, 15, 13, 16 ], "texture": "#side", "cullface": "south" },
        "west":  { "uv": [ 15, 15, 16, 16 ], "texture": "#side" },
        "east":  { "uv": [ 0, 15, 1, 16 ], "texture": "#side" }
    }
},
{
    "from": [ 12, 2, 15 ],
    "to": [ 13, 3, 16 ],
    "faces": {
        "down":  { "uv": [ 4, 16, 3, 15 ], "texture": "#bottom" },
        "up":    { "uv": [ 12, 15, 13, 16 ], "texture": "#top" },
        "south": { "uv": [ 12, 13, 13, 14 ], "texture": "#side", "cullface": "south" },
        "west":  { "uv": [ 15, 13, 16, 14 ], "texture": "#side" },
        "east":  { "uv": [ 0, 13, 1, 14 ], "texture": "#side" }
    }
},
{
    "from": [ 12, 4, 15 ],
    "to": [ 13, 5, 16 ],
    "faces": {
        "down":  { "uv": [ 4, 16, 3, 15 ], "texture": "#bottom" },
        "up":    { "uv": [ 12, 15, 13, 16 ], "texture": "#top" },
        "south": { "uv": [ 12, 11, 13, 12 ], "texture": "#side", "cullface": "south" },
        "west":  { "uv": [ 15, 11, 16, 12 ], "texture": "#side" },
        "east":  { "uv": [ 0, 11, 1, 12 ], "texture": "#side" }
    }
},
{
    "from": [ 12, 6, 15 ],
    "to": [ 13, 7, 16 ],
    "faces": {
        "down":  { "uv": [ 4, 16, 3, 15 ], "texture": "#bottom" },
        "up":    { "uv": [ 12, 15, 13, 16 ], "texture": "#top" },
        "south": { "uv": [ 12, 9, 13, 10 ], "texture": "#side", "cullface": "south" },
        "west":  { "uv": [ 15, 9, 16, 10 ], "texture": "#side" },
        "east":  { "uv": [ 0, 9, 1, 10 ], "texture": "#side" }
    }
},
{
    "from": [ 12, 8, 15 ],
    "to": [ 13, 9, 16 ],
    "faces": {
        "down":  { "uv": [ 4, 16, 3, 15 ], "texture": "#bottom" },
        "up":    { "uv": [ 12, 15, 13, 16 ], "texture": "#top" },
        "south": { "uv": [ 12, 7, 13, 8 ], "texture": "#side", "cullface": "south" },
        "west":  { "uv": [ 15, 7, 16, 8 ], "texture": "#side" },
        "east":  { "uv": [ 0, 7, 1, 8 ], "texture": "#side" }
    }
},
{
    "from": [ 12, 10, 15 ],
    "to": [ 13, 11, 16 ],
    "faces": {
        "down":  { "uv": [ 4, 16, 3, 15 ], "texture": "#bottom" },
        "up":    { "uv": [ 12, 15, 13, 16 ], "texture": "#top" },
        "south": { "uv": [ 12, 5, 13, 6 ], "texture": "#side", "cullface": "south" },
        "west":  { "uv": [ 15, 5, 16, 6 ], "texture": "#side" },
        "east":  { "uv": [ 0, 5, 1, 6 ], "texture": "#side" }
    }
},
{
    "from": [ 12, 12, 15 ],
    "to": [ 13, 13, 16 ],
    "faces": {
        "down":  { "uv": [ 4, 16, 3, 15 ], "texture": "#bottom" },
        "up":    { "uv": [ 12, 15, 13, 16 ], "texture": "#top" },
        "south": { "uv": [ 12, 3, 13, 4 ], "texture": "#side", "cullface": "south" },
        "west":  { "uv": [ 15, 3, 16, 4 ], "texture": "#side" },
        "east":  { "uv": [ 0, 3, 1, 4 ], "texture": "#side" }
    }
},
{
    "from": [ 12, 14, 15 ],
    "to": [ 13, 15, 16 ],
    "faces": {
        "down":  { "uv": [ 4, 16, 3, 15 ], "texture": "#bottom" },
        "up":    { "uv": [ 12, 15, 13, 16 ], "texture": "#top" },
        "south": { "uv": [ 12, 1, 13, 2 ], "texture": "#side", "cullface": "south" },
        "west":  { "uv": [ 15, 1, 16, 2 ], "texture": "#side" },
        "east":  { "uv": [ 0, 1, 1, 2 ], "texture": "#side" }
    }
},
{
    "from": [ 0, 14, 12 ],
    "to": [ 1, 15, 13 ],
    "faces": {
        "down":  { "uv": [ 16, 13, 15, 12 ], "texture": "#bottom" },
        "up":    { "uv": [ 0, 12, 1, 13 ], "texture": "#top" },
        "north": { "uv": [ 15, 1, 16, 2 ], "texture": "#side" },
        "south": { "uv": [ 0, 1, 1, 2 ], "texture": "#side" },
        "west":  { "uv": [ 12, 1, 13, 2 ], "texture": "#side", "cullface": "west" }
    }
},
{
    "from": [ 0, 12, 12 ],
    "to": [ 1, 13, 13 ],
    "faces": {
        "down":  { "uv": [ 16, 13, 15, 12 ], "texture": "#bottom" },
        "up":    { "uv": [ 0, 12, 1, 13 ], "texture": "#top" },
        "north": { "uv": [ 15, 3, 16, 4 ], "texture": "#side" },
        "south": { "uv": [ 0, 3, 1, 4 ], "texture": "#side" },
        "west":  { "uv": [ 12, 3, 13, 4 ], "texture": "#side", "cullface": "west" }
    }
},
{
    "from": [ 0, 10, 12 ],
    "to": [ 1, 11, 13 ],
    "faces": {
        "down":  { "uv": [ 16, 13, 15, 12 ], "texture": "#bottom" },
        "up":    { "uv": [ 0, 12, 1, 13 ], "texture": "#top" },
        "north": { "uv": [ 15, 5, 16, 6 ], "texture": "#side" },
        "south": { "uv": [ 0, 5, 1, 6 ], "texture": "#side" },
        "west":  { "uv": [ 12, 5, 13, 6 ], "texture": "#side", "cullface": "west" }
    }
},
{
    "from": [ 0, 8, 12 ],
    "to": [ 1, 9, 13 ],
    "faces": {
        "down":  { "uv": [ 16, 13, 15, 12 ], "texture": "#bottom" },
        "up":    { "uv": [ 0, 12, 1, 13 ], "texture": "#top" },
        "north": { "uv": [ 15, 7, 16, 8 ], "texture": "#side" },
        "south": { "uv": [ 0, 7, 1, 8 ], "texture": "#side" },
        "west":  { "uv": [ 12, 7, 13, 8 ], "texture": "#side", "cullface": "west" }
    }
},
{
    "from": [ 0, 6, 12 ],
    "to": [ 1, 7, 13 ],
    "faces": {
        "down":  { "uv": [ 16, 13, 15, 12 ], "texture": "#bottom" },
        "up":    { "uv": [ 0, 12, 1, 13 ], "texture": "#top" },
        "north": { "uv": [ 15, 9, 16, 10 ], "texture": "#side" },
        "south": { "uv": [ 0, 9, 1, 10 ], "texture": "#side" },
        "west":  { "uv": [ 12, 9, 13, 10 ], "texture": "#side", "cullface": "west" }
    }
},
{
    "from": [ 0, 4, 12 ],
    "to": [ 1, 5, 13 ],
    "faces": {
        "down":  { "uv": [ 16, 13, 15, 12 ], "texture": "#bottom" },
        "up":    { "uv": [ 0, 12, 1, 13 ], "texture": "#top" },
        "north": { "uv": [ 15, 11, 16, 12 ], "texture": "#side" },
        "south": { "uv": [ 0, 11, 1, 12 ], "texture": "#side" },
        "west":  { "uv": [ 12, 11, 13, 12 ], "texture": "#side", "cullface": "west" }
    }
},
{
    "from": [ 0, 2, 12 ],
    "to": [ 1, 3, 13 ],
    "faces": {
        "down":  { "uv": [ 16, 13, 15, 12 ], "texture": "#bottom" },
        "up":    { "uv": [ 0, 12, 1, 13 ], "texture": "#top" },
        "north": { "uv": [ 15, 13, 16, 14 ], "texture": "#side" },
        "south": { "uv": [ 0, 13, 1, 14 ], "texture": "#side" },
        "west":  { "uv": [ 12, 13, 13, 14 ], "texture": "#side", "cullface": "west" }
    }
},
{
    "from": [ 0, 0, 12 ],
    "to": [ 1, 1, 13 ],
    "faces": {
        "down":  { "uv": [ 16, 13, 15, 12 ], "texture": "#bottom", "cullface": "down" },
        "up":    { "uv": [ 0, 12, 1, 13 ], "texture": "#top" },
        "north": { "uv": [ 15, 15, 16, 16 ], "texture": "#side" },
        "south": { "uv": [ 0, 15, 1, 16 ], "texture": "#side" },
        "west":  { "uv": [ 12, 15, 13, 16 ], "texture": "#side", "cullface": "west" }
    }
},
{
    "from": [ 0, 1, 9 ],
    "to": [ 1, 2, 10 ],
    "faces": {
        "down":  { "uv": [ 16, 10, 15, 9 ], "texture": "#bottom" },
        "up":    { "uv": [ 0, 9, 1, 10 ], "texture": "#top" },
        "north": { "uv": [ 15, 14, 16, 15 ], "texture": "#side" },
        "south": { "uv": [ 0, 14, 1, 15 ], "texture": "#side" },
        "west":  { "uv": [ 9, 14, 10, 15 ], "texture": "#side", "cullface": "west" }
    }
},
{
    "from": [ 0, 3, 9 ],
    "to": [ 1, 4, 10 ],
    "faces": {
        "down":  { "uv": [ 16, 10, 15, 9 ], "texture": "#bottom" },
        "up":    { "uv": [ 0, 9, 1, 10 ], "texture": "#top" },
        "north": { "uv": [ 15, 12, 16, 13 ], "texture": "#side" },
        "south": { "uv": [ 0, 12, 1, 13 ], "texture": "#side" },
        "west":  { "uv": [ 9, 12, 10, 13 ], "texture": "#side", "cullface": "west" }
    }
},
{
    "from": [ 0, 5, 9 ],
    "to": [ 1, 6, 10 ],
    "faces": {
        "down":  { "uv": [ 16, 10, 15, 9 ], "texture": "#bottom" },
        "up":    { "uv": [ 0, 9, 1, 10 ], "texture": "#top" },
        "north": { "uv": [ 15, 10, 16, 11 ], "texture": "#side" },
        "south": { "uv": [ 0, 10, 1, 11 ], "texture": "#side" },
        "west":  { "uv": [ 9, 10, 10, 11 ], "texture": "#side", "cullface": "west" }
    }
},
{
    "from": [ 0, 7, 9 ],
    "to": [ 1, 8, 10 ],
    "faces": {
        "down":  { "uv": [ 16, 10, 15, 9 ], "texture": "#bottom" },
        "up":    { "uv": [ 0, 9, 1, 10 ], "texture": "#top" },
        "north": { "uv": [ 15, 8, 16, 9 ], "texture": "#side" },
        "south": { "uv": [ 0, 8, 1, 9 ], "texture": "#side" },
        "west":  { "uv": [ 9, 8, 10, 9 ], "texture": "#side", "cullface": "west" }
    }
},
{
    "from": [ 0, 9, 9 ],
    "to": [ 1, 10, 10 ],
    "faces": {
        "down":  { "uv": [ 16, 10, 15, 9 ], "texture": "#bottom" },
        "up":    { "uv": [ 0, 9, 1, 10 ], "texture": "#top" },
        "north": { "uv": [ 15, 6, 16, 7 ], "texture": "#side" },
        "south": { "uv": [ 0, 6, 1, 7 ], "texture": "#side" },
        "west":  { "uv": [ 9, 6, 10, 7 ], "texture": "#side", "cullface": "west" }
    }
},
{
    "from": [ 0, 11, 9 ],
    "to": [ 1, 12, 10 ],
    "faces": {
        "down":  { "uv": [ 16, 10, 15, 9 ], "texture": "#bottom" },
        "up":    { "uv": [ 0, 9, 1, 10 ], "texture": "#top" },
        "north": { "uv": [ 15, 4, 16, 5 ], "texture": "#side" },
        "south": { "uv": [ 0, 4, 1, 5 ], "texture": "#side" },
        "west":  { "uv": [ 9, 4, 10, 5 ], "texture": "#side", "cullface": "west" }
    }
},
{
    "from": [ 0, 13, 9 ],
    "to": [ 1, 14, 10 ],
    "faces": {
        "down":  { "uv": [ 16, 10, 15, 9 ], "texture": "#bottom" },
        "up":    { "uv": [ 0, 9, 1, 10 ], "texture": "#top" },
        "north": { "uv": [ 15, 2, 16, 3 ], "texture": "#side" },
        "south": { "uv": [ 0, 2, 1, 3 ], "texture": "#side" },
        "west":  { "uv": [ 9, 2, 10, 3 ], "texture": "#side", "cullface": "west" }
    }
},
{
    "from": [ 0, 15, 9 ],
    "to": [ 1, 16, 10 ],
    "faces": {
        "down":  { "uv": [ 16, 10, 15, 9 ], "texture": "#bottom" },
        "up":    { "uv": [ 0, 9, 1, 10 ], "texture": "#top", "cullface": "up" },
        "north": { "uv": [ 15, 0, 16, 1 ], "texture": "#side" },
        "south": { "uv": [ 0, 0, 1, 1 ], "texture": "#side" },
        "west":  { "uv": [ 9, 0, 10, 1 ], "texture": "#side", "cullface": "west" }
    }
},
{
    "from": [ 0, 14, 6 ],
    "to": [ 1, 15, 7 ],
    "faces": {
        "down":  { "uv": [ 16, 7, 15, 6 ], "texture": "#bottom" },
        "up":    { "uv": [ 0, 6, 1, 7 ], "texture": "#top" },
        "north": { "uv": [ 15, 1, 16, 2 ], "texture": "#side" },
        "south": { "uv": [ 0, 1, 1, 2 ], "texture": "#side" },
        "west":  { "uv": [ 6, 1, 7, 2 ], "texture": "#side", "cullface": "west" }
    }
},
{
    "from": [ 0, 12, 6 ],
    "to": [ 1, 13, 7 ],
    "faces": {
        "down":  { "uv": [ 16, 7, 15, 6 ], "texture": "#bottom" },
        "up":    { "uv": [ 0, 6, 1, 7 ], "texture": "#top" },
        "north": { "uv": [ 15, 3, 16, 4 ], "texture": "#side" },
        "south": { "uv": [ 0, 3, 1, 4 ], "texture": "#side" },
        "west":  { "uv": [ 6, 3, 7, 4 ], "texture": "#side", "cullface": "west" }
    }
},
{
    "from": [ 0, 10, 6 ],
    "to": [ 1, 11, 7 ],
    "faces": {
        "down":  { "uv": [ 16, 7, 15, 6 ], "texture": "#bottom" },
        "up":    { "uv": [ 0, 6, 1, 7 ], "texture": "#top" },
        "north": { "uv": [ 15, 5, 16, 6 ], "texture": "#side" },
        "south": { "uv": [ 0, 5, 1, 6 ], "texture": "#side" },
        "west":  { "uv": [ 6, 5, 7, 6 ], "texture": "#side", "cullface": "west" }
    }
},
{
    "from": [ 0, 8, 6 ],
    "to": [ 1, 9, 7 ],
    "faces": {
        "down":  { "uv": [ 16, 7, 15, 6 ], "texture": "#bottom" },
        "up":    { "uv": [ 0, 6, 1, 7 ], "texture": "#top" },
        "north": { "uv": [ 15, 7, 16, 8 ], "texture": "#side" },
        "south": { "uv": [ 0, 7, 1, 8 ], "texture": "#side" },
        "west":  { "uv": [ 6, 7, 7, 8 ], "texture": "#side", "cullface": "west" }
    }
},
{
    "from": [ 0, 6, 6 ],
    "to": [ 1, 7, 7 ],
    "faces": {
        "down":  { "uv": [ 16, 7, 15, 6 ], "texture": "#bottom" },
        "up":    { "uv": [ 0, 6, 1, 7 ], "texture": "#top" },
        "north": { "uv": [ 15, 9, 16, 10 ], "texture": "#side" },
        "south": { "uv": [ 0, 9, 1, 10 ], "texture": "#side" },
        "west":  { "uv": [ 6, 9, 7, 10 ], "texture": "#side", "cullface": "west" }
    }
},
{
    "from": [ 0, 4, 6 ],
    "to": [ 1, 5, 7 ],
    "faces": {
        "down":  { "uv": [ 16, 7, 15, 6 ], "texture": "#bottom" },
        "up":    { "uv": [ 0, 6, 1, 7 ], "texture": "#top" },
        "north": { "uv": [ 15, 11, 16, 12 ], "texture": "#side" },
        "south": { "uv": [ 0, 11, 1, 12 ], "texture": "#side" },
        "west":  { "uv": [ 6, 11, 7, 12 ], "texture": "#side", "cullface": "west" }
    }
},
{
    "from": [ 0, 2, 6 ],
    "to": [ 1, 3, 7 ],
    "faces": {
        "down":  { "uv": [ 16, 7, 15, 6 ], "texture": "#bottom" },
        "up":    { "uv": [ 0, 6, 1, 7 ], "texture": "#top" },
        "north": { "uv": [ 15, 13, 16, 14 ], "texture": "#side" },
        "south": { "uv": [ 0, 13, 1, 14 ], "texture": "#side" },
        "west":  { "uv": [ 6, 13, 7, 14 ], "texture": "#side", "cullface": "west" }
    }
},
{
    "from": [ 0, 0, 6 ],
    "to": [ 1, 1, 7 ],
    "faces": {
        "down":  { "uv": [ 16, 7, 15, 6 ], "texture": "#bottom", "cullface": "down" },
        "up":    { "uv": [ 0, 6, 1, 7 ], "texture": "#top" },
        "north": { "uv": [ 15, 15, 16, 16 ], "texture": "#side" },
        "south": { "uv": [ 0, 15, 1, 16 ], "texture": "#side" },
        "west":  { "uv": [ 6, 15, 7, 16 ], "texture": "#side", "cullface": "west" }
    }
},
{
    "from": [ 0, 1, 3 ],
    "to": [ 1, 2, 4 ],
    "faces": {
        "down":  { "uv": [ 16, 4, 15, 3 ], "texture": "#bottom" },
        "up":    { "uv": [ 0, 3, 1, 4 ], "texture": "#top" },
        "north": { "uv": [ 15, 14, 16, 15 ], "texture": "#side" },
        "south": { "uv": [ 0, 14, 1, 15 ], "texture": "#side" },
        "west":  { "uv": [ 3, 14, 4, 15 ], "texture": "#side", "cullface": "west" }
    }
},
{
    "from": [ 0, 3, 3 ],
    "to": [ 1, 4, 4 ],
    "faces": {
        "down":  { "uv": [ 16, 4, 15, 3 ], "texture": "#bottom" },
        "up":    { "uv": [ 0, 3, 1, 4 ], "texture": "#top" },
        "north": { "uv": [ 15, 12, 16, 13 ], "texture": "#side" },
        "south": { "uv": [ 0, 12, 1, 13 ], "texture": "#side" },
        "west":  { "uv": [ 3, 12, 4, 13 ], "texture": "#side", "cullface": "west" }
    }
},
{
    "from": [ 0, 5, 3 ],
    "to": [ 1, 6, 4 ],
    "faces": {
        "down":  { "uv": [ 16, 4, 15, 3 ], "texture": "#bottom" },
        "up":    { "uv": [ 0, 3, 1, 4 ], "texture": "#top" },
        "north": { "uv": [ 15, 10, 16, 11 ], "texture": "#side" },
        "south": { "uv": [ 0, 10, 1, 11 ], "texture": "#side" },
        "west":  { "uv": [ 3, 10, 4, 11 ], "texture": "#side", "cullface": "west" }
    }
},
{
    "from": [ 0, 7, 3 ],
    "to": [ 1, 8, 4 ],
    "faces": {
        "down":  { "uv": [ 16, 4, 15, 3 ], "texture": "#bottom" },
        "up":    { "uv": [ 0, 3, 1, 4 ], "texture": "#top" },
        "north": { "uv": [ 15, 8, 16, 9 ], "texture": "#side" },
        "south": { "uv": [ 0, 8, 1, 9 ], "texture": "#side" },
        "west":  { "uv": [ 3, 8, 4, 9 ], "texture": "#side", "cullface": "west" }
    }
},
{
    "from": [ 0, 9, 3 ],
    "to": [ 1, 10, 4 ],
    "faces": {
        "down":  { "uv": [ 16, 4, 15, 3 ], "texture": "#bottom" },
        "up":    { "uv": [ 0, 3, 1, 4 ], "texture": "#top" },
        "north": { "uv": [ 15, 6, 16, 7 ], "texture": "#side" },
        "south": { "uv": [ 0, 6, 1, 7 ], "texture": "#side" },
        "west":  { "uv": [ 3, 6, 4, 7 ], "texture": "#side", "cullface": "west" }
    }
},
{
    "from": [ 0, 11, 3 ],
    "to": [ 1, 12, 4 ],
    "faces": {
        "down":  { "uv": [ 16, 4, 15, 3 ], "texture": "#bottom" },
        "up":    { "uv": [ 0, 3, 1, 4 ], "texture": "#top" },
        "north": { "uv": [ 15, 4, 16, 5 ], "texture": "#side" },
        "south": { "uv": [ 0, 4, 1, 5 ], "texture": "#side" },
        "west":  { "uv": [ 3, 4, 4, 5 ], "texture": "#side", "cullface": "west" }
    }
},
{
    "from": [ 0, 13, 3 ],
    "to": [ 1, 14, 4 ],
    "faces": {
        "down":  { "uv": [ 16, 4, 15, 3 ], "texture": "#bottom" },
        "up":    { "uv": [ 0, 3, 1, 4 ], "texture": "#top" },
        "north": { "uv": [ 15, 2, 16, 3 ], "texture": "#side" },
        "south": { "uv": [ 0, 2, 1, 3 ], "texture": "#side" },
        "west":  { "uv": [ 3, 2, 4, 3 ], "texture": "#side", "cullface": "west" }
    }
},
{
    "from": [ 0, 15, 3 ],
    "to": [ 1, 16, 4 ],
    "faces": {
        "down":  { "uv": [ 16, 4, 15, 3 ], "texture": "#bottom" },
        "up":    { "uv": [ 0, 3, 1, 4 ], "texture": "#top", "cullface": "up" },
        "north": { "uv": [ 15, 0, 16, 1 ], "texture": "#side" },
        "south": { "uv": [ 0, 0, 1, 1 ], "texture": "#side" },
        "west":  { "uv": [ 3, 0, 4, 1 ], "texture": "#side", "cullface": "west" }
    }
},
{
    "from": [ 15, 15, 12 ],
    "to": [ 16, 16, 13 ],
    "faces": {
        "down":  { "uv": [ 1, 13, 0, 12 ], "texture": "#bottom" },
        "up":    { "uv": [ 15, 12, 16, 13 ], "texture": "#top", "cullface": "up" },
        "north": { "uv": [ 0, 0, 1, 1 ], "texture": "#side" },
        "south": { "uv": [ 15, 0, 16, 1 ], "texture": "#side" },
        "east":  { "uv": [ 3, 0, 4, 1 ], "texture": "#side", "cullface": "east" }
    }
},
{
    "from": [ 15, 13, 12 ],
    "to": [ 16, 14, 13 ],
    "faces": {
        "down":  { "uv": [ 1, 13, 0, 12 ], "texture": "#bottom" },
        "up":    { "uv": [ 15, 12, 16, 13 ], "texture": "#top" },
        "north": { "uv": [ 0, 2, 1, 3 ], "texture": "#side" },
        "south": { "uv": [ 15, 2, 16, 3 ], "texture": "#side" },
        "east":  { "uv": [ 3, 2, 4, 3 ], "texture": "#side", "cullface": "east" }
    }
},
{
    "from": [ 15, 11, 12 ],
    "to": [ 16, 12, 13 ],
    "faces": {
        "down":  { "uv": [ 1, 13, 0, 12 ], "texture": "#bottom" },
        "up":    { "uv": [ 15, 12, 16, 13 ], "texture": "#top" },
        "north": { "uv": [ 0, 4, 1, 5 ], "texture": "#side" },
        "south": { "uv": [ 15, 4, 16, 5 ], "texture": "#side" },
        "east":  { "uv": [ 3, 4, 4, 5 ], "texture": "#side", "cullface": "east" }
    }
},
{
    "from": [ 15, 9, 12 ],
    "to": [ 16, 10, 13 ],
    "faces": {
        "down":  { "uv": [ 1, 13, 0, 12 ], "texture": "#bottom" },
        "up":    { "uv": [ 15, 12, 16, 13 ], "texture": "#top" },
        "south": { "uv": [ 15, 6, 16, 7 ], "texture": "#side" },
        "east":  { "uv": [ 3, 6, 4, 7 ], "texture": "#side", "cullface": "east" }
    }
},
{
    "from": [ 15, 7, 12 ],
    "to": [ 16, 8, 13 ],
    "faces": {
        "down":  { "uv": [ 1, 13, 0, 12 ], "texture": "#bottom" },
        "up":    { "uv": [ 15, 12, 16, 13 ], "texture": "#top" },
        "south": { "uv": [ 15, 8, 16, 9 ], "texture": "#side" },
        "east":  { "uv": [ 3, 8, 4, 9 ], "texture": "#side", "cullface": "east" }
    }
},
{
    "from": [ 15, 5, 12 ],
    "to": [ 16, 6, 13 ],
    "faces": {
        "down":  { "uv": [ 1, 13, 0, 12 ], "texture": "#bottom" },
        "up":    { "uv": [ 15, 12, 16, 13 ], "texture": "#top" },
        "south": { "uv": [ 15, 10, 16, 11 ], "texture": "#side" },
        "east":  { "uv": [ 3, 10, 4, 11 ], "texture": "#side", "cullface": "east" }
    }
},
{
    "from": [ 15, 3, 12 ],
    "to": [ 16, 4, 13 ],
    "faces": {
        "down":  { "uv": [ 1, 13, 0, 12 ], "texture": "#bottom" },
        "up":    { "uv": [ 15, 12, 16, 13 ], "texture": "#top" },
        "south": { "uv": [ 15, 12, 16, 13 ], "texture": "#side" },
        "east":  { "uv": [ 3, 12, 4, 13 ], "texture": "#side", "cullface": "east" }
    }
},
{
    "from": [ 15, 1, 12 ],
    "to": [ 16, 2, 13 ],
    "faces": {
        "down":  { "uv": [ 1, 13, 0, 12 ], "texture": "#bottom" },
        "up":    { "uv": [ 15, 12, 16, 13 ], "texture": "#top" },
        "north": { "uv": [ 0, 14, 1, 15 ], "texture": "#side" },
        "south": { "uv": [ 15, 14, 16, 15 ], "texture": "#side" },
        "east":  { "uv": [ 3, 14, 4, 15 ], "texture": "#side", "cullface": "east" }
    }
},
{
    "from": [ 15, 10, 9 ],
    "to": [ 16, 11, 10 ],
    "faces": {
        "up":    { "uv": [ 15, 9, 16, 10 ], "texture": "#top" },
        "north": { "uv": [ 0, 5, 1, 6 ], "texture": "#side" },
        "south": { "uv": [ 15, 5, 16, 6 ], "texture": "#side" },
        "east":  { "uv": [ 6, 5, 7, 6 ], "texture": "#side", "cullface": "east" }
    }
},
{
    "from": [ 15, 12, 9 ],
    "to": [ 16, 13, 10 ],
    "faces": {
        "down":  { "uv": [ 1, 10, 0, 9 ], "texture": "#bottom" },
        "up":    { "uv": [ 15, 9, 16, 10 ], "texture": "#top" },
        "north": { "uv": [ 0, 3, 1, 4 ], "texture": "#side" },
        "south": { "uv": [ 15, 3, 16, 4 ], "texture": "#side" },
        "east":  { "uv": [ 6, 3, 7, 4 ], "texture": "#side", "cullface": "east" }
    }
},
{
    "from": [ 15, 14, 9 ],
    "to": [ 16, 15, 10 ],
    "faces": {
        "down":  { "uv": [ 1, 10, 0, 9 ], "texture": "#bottom" },
        "up":    { "uv": [ 15, 9, 16, 10 ], "texture": "#top" },
        "north": { "uv": [ 0, 1, 1, 2 ], "texture": "#side" },
        "south": { "uv": [ 15, 1, 16, 2 ], "texture": "#side" },
        "east":  { "uv": [ 6, 1, 7, 2 ], "texture": "#side", "cullface": "east" }
    }
},
{
    "from": [ 15, 0, 9 ],
    "to": [ 16, 1, 10 ],
    "faces": {
        "down":  { "uv": [ 1, 10, 0, 9 ], "texture": "#bottom", "cullface": "down" },
        "up":    { "uv": [ 15, 9, 16, 10 ], "texture": "#top" },
        "north": { "uv": [ 0, 15, 1, 16 ], "texture": "#side" },
        "south": { "uv": [ 15, 15, 16, 16 ], "texture": "#side" },
        "east":  { "uv": [ 6, 15, 7, 16 ], "texture": "#side", "cullface": "east" }
    }
},
{
    "from": [ 15, 15, 6 ],
    "to": [ 16, 16, 7 ],
    "faces": {
        "down":  { "uv": [ 1, 7, 0, 6 ], "texture": "#bottom" },
        "up":    { "uv": [ 15, 6, 16, 7 ], "texture": "#top", "cullface": "up" },
        "north": { "uv": [ 0, 0, 1, 1 ], "texture": "#side" },
        "south": { "uv": [ 15, 0, 16, 1 ], "texture": "#side" },
        "east":  { "uv": [ 9, 0, 10, 1 ], "texture": "#side", "cullface": "east" }
    }
},
{
    "from": [ 15, 13, 6 ],
    "to": [ 16, 14, 7 ],
    "faces": {
        "down":  { "uv": [ 1, 7, 0, 6 ], "texture": "#bottom" },
        "up":    { "uv": [ 15, 6, 16, 7 ], "texture": "#top" },
        "north": { "uv": [ 0, 2, 1, 3 ], "texture": "#side" },
        "south": { "uv": [ 15, 2, 16, 3 ], "texture": "#side" },
        "east":  { "uv": [ 9, 2, 10, 3 ], "texture": "#side", "cullface": "east" }
    }
},
{
    "from": [ 15, 11, 6 ],
    "to": [ 16, 12, 7 ],
    "faces": {
        "down":  { "uv": [ 1, 7, 0, 6 ], "texture": "#bottom" },
        "up":    { "uv": [ 15, 6, 16, 7 ], "texture": "#top" },
        "north": { "uv": [ 0, 4, 1, 5 ], "texture": "#side" },
        "south": { "uv": [ 15, 4, 16, 5 ], "texture": "#side" },
        "east":  { "uv": [ 9, 4, 10, 5 ], "texture": "#side", "cullface": "east" }
    }
},
{
    "from": [ 15, 1, 6 ],
    "to": [ 16, 2, 7 ],
    "faces": {
        "down":  { "uv": [ 1, 7, 0, 6 ], "texture": "#bottom" },
        "north": { "uv": [ 0, 14, 1, 15 ], "texture": "#side" },
        "south": { "uv": [ 15, 14, 16, 15 ], "texture": "#side" },
        "east":  { "uv": [ 9, 14, 10, 15 ], "texture": "#side", "cullface": "east" }
    }
},
{
    "from": [ 15, 2, 3 ],
    "to": [ 16, 3, 4 ],
    "faces": {
        "down":  { "uv": [ 1, 4, 0, 3 ], "texture": "#bottom" },
        "up":    { "uv": [ 15, 3, 16, 4 ], "texture": "#top" },
        "north": { "uv": [ 0, 13, 1, 14 ], "texture": "#side" },
        "east":  { "uv": [ 12, 13, 13, 14 ], "texture": "#side", "cullface": "east" }
    }
},
{
    "from": [ 15, 4, 3 ],
    "to": [ 16, 5, 4 ],
    "faces": {
        "down":  { "uv": [ 1, 4, 0, 3 ], "texture": "#bottom" },
        "up":    { "uv": [ 15, 3, 16, 4 ], "texture": "#top" },
        "north": { "uv": [ 0, 11, 1, 12 ], "texture": "#side" },
        "east":  { "uv": [ 12, 11, 13, 12 ], "texture": "#side", "cullface": "east" }
    }
},
{
    "from": [ 15, 6, 3 ],
    "to": [ 16, 7, 4 ],
    "faces": {
        "down":  { "uv": [ 1, 4, 0, 3 ], "texture": "#bottom" },
        "up":    { "uv": [ 15, 3, 16, 4 ], "texture": "#top" },
        "north": { "uv": [ 0, 9, 1, 10 ], "texture": "#side" },
        "east":  { "uv": [ 12, 9, 13, 10 ], "texture": "#side", "cullface": "east" }
    }
},
{
    "from": [ 15, 8, 3 ],
    "to": [ 16, 9, 4 ],
    "faces": {
        "down":  { "uv": [ 1, 4, 0, 3 ], "texture": "#bottom" },
        "up":    { "uv": [ 15, 3, 16, 4 ], "texture": "#top" },
        "north": { "uv": [ 0, 7, 1, 8 ], "texture": "#side" },
        "east":  { "uv": [ 12, 7, 13, 8 ], "texture": "#side", "cullface": "east" }
    }
},
{
    "from": [ 15, 10, 3 ],
    "to": [ 16, 11, 4 ],
    "faces": {
        "down":  { "uv": [ 1, 4, 0, 3 ], "texture": "#bottom" },
        "up":    { "uv": [ 15, 3, 16, 4 ], "texture": "#top" },
        "north": { "uv": [ 0, 5, 1, 6 ], "texture": "#side" },
        "south": { "uv": [ 15, 5, 16, 6 ], "texture": "#side" },
        "east":  { "uv": [ 12, 5, 13, 6 ], "texture": "#side", "cullface": "east" }
    }
},
{
    "from": [ 15, 12, 3 ],
    "to": [ 16, 13, 4 ],
    "faces": {
        "down":  { "uv": [ 1, 4, 0, 3 ], "texture": "#bottom" },
        "up":    { "uv": [ 15, 3, 16, 4 ], "texture": "#top" },
        "north": { "uv": [ 0, 3, 1, 4 ], "texture": "#side" },
        "south": { "uv": [ 15, 3, 16, 4 ], "texture": "#side" },
        "east":  { "uv": [ 12, 3, 13, 4 ], "texture": "#side", "cullface": "east" }
    }
},
{
    "from": [ 15, 14, 3 ],
    "to": [ 16, 15, 4 ],
    "faces": {
        "down":  { "uv": [ 1, 4, 0, 3 ], "texture": "#bottom" },
        "up":    { "uv": [ 15, 3, 16, 4 ], "texture": "#top" },
        "north": { "uv": [ 0, 1, 1, 2 ], "texture": "#side" },
        "south": { "uv": [ 15, 1, 16, 2 ], "texture": "#side" },
        "east":  { "uv": [ 12, 1, 13, 2 ], "texture": "#side", "cullface": "east" }
    }
},
{
    "from": [ 15, 0, 3 ],
    "to": [ 16, 1, 4 ],
    "faces": {
        "down":  { "uv": [ 1, 4, 0, 3 ], "texture": "#bottom", "cullface": "down" },
        "up":    { "uv": [ 15, 3, 16, 4 ], "texture": "#top" },
        "north": { "uv": [ 0, 15, 1, 16 ], "texture": "#side" },
        "south": { "uv": [ 15, 15, 16, 16 ], "texture": "#side" },
        "east":  { "uv": [ 12, 15, 13, 16 ], "texture": "#side", "cullface": "east" }
    }
},
{
    "from": [ 3, 0, 0 ],
    "to": [ 4, 1, 1 ],
    "faces": {
        "down":  { "uv": [ 13, 1, 12, 0 ], "texture": "#bottom", "cullface": "down" },
        "up":    { "uv": [ 3, 0, 4, 1 ], "texture": "#top" },
        "north": { "uv": [ 12, 15, 13, 16 ], "texture": "#side", "cullface": "north" },
        "west":  { "uv": [ 0, 15, 1, 16 ], "texture": "#side" },
        "east":  { "uv": [ 15, 15, 16, 16 ], "texture": "#side" }
    }
},
{
    "from": [ 3, 14, 0 ],
    "to": [ 4, 15, 1 ],
    "faces": {
        "down":  { "uv": [ 13, 1, 12, 0 ], "texture": "#bottom" },
        "up":    { "uv": [ 3, 0, 4, 1 ], "texture": "#top" },
        "north": { "uv": [ 12, 1, 13, 2 ], "texture": "#side", "cullface": "north" },
        "west":  { "uv": [ 0, 1, 1, 2 ], "texture": "#side" },
        "east":  { "uv": [ 15, 1, 16, 2 ], "texture": "#side" }
    }
},
{
    "from": [ 3, 12, 0 ],
    "to": [ 4, 13, 1 ],
    "faces": {
        "down":  { "uv": [ 13, 1, 12, 0 ], "texture": "#bottom" },
        "up":    { "uv": [ 3, 0, 4, 1 ], "texture": "#top" },
        "north": { "uv": [ 12, 3, 13, 4 ], "texture": "#side", "cullface": "north" },
        "west":  { "uv": [ 0, 3, 1, 4 ], "texture": "#side" },
        "east":  { "uv": [ 15, 3, 16, 4 ], "texture": "#side" }
    }
},
{
    "from": [ 3, 10, 0 ],
    "to": [ 4, 11, 1 ],
    "faces": {
        "down":  { "uv": [ 13, 1, 12, 0 ], "texture": "#bottom" },
        "up":    { "uv": [ 3, 0, 4, 1 ], "texture": "#top" },
        "north": { "uv": [ 12, 5, 13, 6 ], "texture": "#side", "cullface": "north" },
        "west":  { "uv": [ 0, 5, 1, 6 ], "texture": "#side" },
        "east":  { "uv": [ 15, 5, 16, 6 ], "texture": "#side" }
    }
},
{
    "from": [ 3, 8, 0 ],
    "to": [ 4, 9, 1 ],
    "faces": {
        "down":  { "uv": [ 13, 1, 12, 0 ], "texture": "#bottom" },
        "up":    { "uv": [ 3, 0, 4, 1 ], "texture": "#top" },
        "north": { "uv": [ 12, 7, 13, 8 ], "texture": "#side", "cullface": "north" },
        "west":  { "uv": [ 0, 7, 1, 8 ], "texture": "#side" },
        "east":  { "uv": [ 15, 7, 16, 8 ], "texture": "#side" }
    }
},
{
    "from": [ 3, 6, 0 ],
    "to": [ 4, 7, 1 ],
    "faces": {
        "down":  { "uv": [ 13, 1, 12, 0 ], "texture": "#bottom" },
        "up":    { "uv": [ 3, 0, 4, 1 ], "texture": "#top" },
        "north": { "uv": [ 12, 9, 13, 10 ], "texture": "#side", "cullface": "north" },
        "west":  { "uv": [ 0, 9, 1, 10 ], "texture": "#side" },
        "east":  { "uv": [ 15, 9, 16, 10 ], "texture": "#side" }
    }
},
{
    "from": [ 3, 4, 0 ],
    "to": [ 4, 5, 1 ],
    "faces": {
        "down":  { "uv": [ 13, 1, 12, 0 ], "texture": "#bottom" },
        "up":    { "uv": [ 3, 0, 4, 1 ], "texture": "#top" },
        "north": { "uv": [ 12, 11, 13, 12 ], "texture": "#side", "cullface": "north" },
        "west":  { "uv": [ 0, 11, 1, 12 ], "texture": "#side" },
        "east":  { "uv": [ 15, 11, 16, 12 ], "texture": "#side" }
    }
},
{
    "from": [ 3, 2, 0 ],
    "to": [ 4, 3, 1 ],
    "faces": {
        "down":  { "uv": [ 13, 1, 12, 0 ], "texture": "#bottom" },
        "up":    { "uv": [ 3, 0, 4, 1 ], "texture": "#top" },
        "north": { "uv": [ 12, 13, 13, 14 ], "texture": "#side", "cullface": "north" },
        "west":  { "uv": [ 0, 13, 1, 14 ], "texture": "#side" },
        "east":  { "uv": [ 15, 13, 16, 14 ], "texture": "#side" }
    }
},
{
    "from": [ 6, 3, 0 ],
    "to": [ 7, 4, 1 ],
    "faces": {
        "down":  { "uv": [ 10, 1, 9, 0 ], "texture": "#bottom" },
        "up":    { "uv": [ 6, 0, 7, 1 ], "texture": "#top" },
        "north": { "uv": [ 9, 12, 10, 13 ], "texture": "#side", "cullface": "north" },
        "west":  { "uv": [ 0, 12, 1, 13 ], "texture": "#side" },
        "east":  { "uv": [ 15, 12, 16, 13 ], "texture": "#side" }
    }
},
{
    "from": [ 6, 5, 0 ],
    "to": [ 7, 6, 1 ],
    "faces": {
        "down":  { "uv": [ 10, 1, 9, 0 ], "texture": "#bottom" },
        "up":    { "uv": [ 6, 0, 7, 1 ], "texture": "#top" },
        "north": { "uv": [ 9, 10, 10, 11 ], "texture": "#side", "cullface": "north" },
        "west":  { "uv": [ 0, 10, 1, 11 ], "texture": "#side" },
        "east":  { "uv": [ 15, 10, 16, 11 ], "texture": "#side" }
    }
},
{
    "from": [ 6, 1, 0 ],
    "to": [ 7, 2, 1 ],
    "faces": {
        "down":  { "uv": [ 10, 1, 9, 0 ], "texture": "#bottom" },
        "up":    { "uv": [ 6, 0, 7, 1 ], "texture": "#top" },
        "north": { "uv": [ 9, 14, 10, 15 ], "texture": "#side", "cullface": "north" },
        "west":  { "uv": [ 0, 14, 1, 15 ], "texture": "#side" },
        "east":  { "uv": [ 15, 14, 16, 15 ], "texture": "#side" }
    }
},
{
    "from": [ 6, 7, 0 ],
    "to": [ 7, 8, 1 ],
    "faces": {
        "down":  { "uv": [ 10, 1, 9, 0 ], "texture": "#bottom" },
        "up":    { "uv": [ 6, 0, 7, 1 ], "texture": "#top" },
        "north": { "uv": [ 9, 8, 10, 9 ], "texture": "#side", "cullface": "north" },
        "west":  { "uv": [ 0, 8, 1, 9 ], "texture": "#side" },
        "east":  { "uv": [ 15, 8, 16, 9 ], "texture": "#side" }
    }
},
{
    "from": [ 6, 9, 0 ],
    "to": [ 7, 10, 1 ],
    "faces": {
        "down":  { "uv": [ 10, 1, 9, 0 ], "texture": "#bottom" },
        "up":    { "uv": [ 6, 0, 7, 1 ], "texture": "#top" },
        "north": { "uv": [ 9, 6, 10, 7 ], "texture": "#side", "cullface": "north" },
        "west":  { "uv": [ 0, 6, 1, 7 ], "texture": "#side" },
        "east":  { "uv": [ 15, 6, 16, 7 ], "texture": "#side" }
    }
},
{
    "from": [ 6, 11, 0 ],
    "to": [ 7, 12, 1 ],
    "faces": {
        "down":  { "uv": [ 10, 1, 9, 0 ], "texture": "#bottom" },
        "up":    { "uv": [ 6, 0, 7, 1 ], "texture": "#top" },
        "north": { "uv": [ 9, 4, 10, 5 ], "texture": "#side", "cullface": "north" },
        "west":  { "uv": [ 0, 4, 1, 5 ], "texture": "#side" },
        "east":  { "uv": [ 15, 4, 16, 5 ], "texture": "#side" }
    }
},
{
    "from": [ 6, 13, 0 ],
    "to": [ 7, 14, 1 ],
    "faces": {
        "down":  { "uv": [ 10, 1, 9, 0 ], "texture": "#bottom" },
        "up":    { "uv": [ 6, 0, 7, 1 ], "texture": "#top" },
        "north": { "uv": [ 9, 2, 10, 3 ], "texture": "#side", "cullface": "north" },
        "west":  { "uv": [ 0, 2, 1, 3 ], "texture": "#side" },
        "east":  { "uv": [ 15, 2, 16, 3 ], "texture": "#side" }
    }
},
{
    "from": [ 6, 15, 0 ],
    "to": [ 7, 16, 1 ],
    "faces": {
        "down":  { "uv": [ 10, 1, 9, 0 ], "texture": "#bottom" },
        "up":    { "uv": [ 6, 0, 7, 1 ], "texture": "#top", "cullface": "up" },
        "north": { "uv": [ 9, 0, 10, 1 ], "texture": "#side", "cullface": "north" },
        "west":  { "uv": [ 0, 0, 1, 1 ], "texture": "#side" },
        "east":  { "uv": [ 15, 0, 16, 1 ], "texture": "#side" }
    }
},
{
    "from": [ 9, 0, 0 ],
    "to": [ 10, 1, 1 ],
    "faces": {
        "down":  { "uv": [ 7, 1, 6, 0 ], "texture": "#bottom", "cullface": "down" },
        "up":    { "uv": [ 9, 0, 10, 1 ], "texture": "#top" },
        "north": { "uv": [ 6, 15, 7, 16 ], "texture": "#side", "cullface": "north" },
        "west":  { "uv": [ 0, 15, 1, 16 ], "texture": "#side" },
        "east":  { "uv": [ 15, 15, 16, 16 ], "texture": "#side" }
    }
},
{
    "from": [ 9, 14, 0 ],
    "to": [ 10, 15, 1 ],
    "faces": {
        "down":  { "uv": [ 7, 1, 6, 0 ], "texture": "#bottom" },
        "up":    { "uv": [ 9, 0, 10, 1 ], "texture": "#top" },
        "north": { "uv": [ 6, 1, 7, 2 ], "texture": "#side", "cullface": "north" },
        "west":  { "uv": [ 0, 1, 1, 2 ], "texture": "#side" },
        "east":  { "uv": [ 15, 1, 16, 2 ], "texture": "#side" }
    }
},
{
    "from": [ 9, 12, 0 ],
    "to": [ 10, 13, 1 ],
    "faces": {
        "down":  { "uv": [ 7, 1, 6, 0 ], "texture": "#bottom" },
        "up":    { "uv": [ 9, 0, 10, 1 ], "texture": "#top" },
        "north": { "uv": [ 6, 3, 7, 4 ], "texture": "#side", "cullface": "north" },
        "west":  { "uv": [ 0, 3, 1, 4 ], "texture": "#side" },
        "east":  { "uv": [ 15, 3, 16, 4 ], "texture": "#side" }
    }
},
{
    "from": [ 9, 10, 0 ],
    "to": [ 10, 11, 1 ],
    "faces": {
        "down":  { "uv": [ 7, 1, 6, 0 ], "texture": "#bottom" },
        "up":    { "uv": [ 9, 0, 10, 1 ], "texture": "#top" },
        "north": { "uv": [ 6, 5, 7, 6 ], "texture": "#side", "cullface": "north" },
        "west":  { "uv": [ 0, 5, 1, 6 ], "texture": "#side" },
        "east":  { "uv": [ 15, 5, 16, 6 ], "texture": "#side" }
    }
},
{
    "from": [ 9, 8, 0 ],
    "to": [ 10, 9, 1 ],
    "faces": {
        "down":  { "uv": [ 7, 1, 6, 0 ], "texture": "#bottom" },
        "up":    { "uv": [ 9, 0, 10, 1 ], "texture": "#top" },
        "north": { "uv": [ 6, 7, 7, 8 ], "texture": "#side", "cullface": "north" },
        "west":  { "uv": [ 0, 7, 1, 8 ], "texture": "#side" },
        "east":  { "uv": [ 15, 7, 16, 8 ], "texture": "#side" }
    }
},
{
    "from": [ 9, 6, 0 ],
    "to": [ 10, 7, 1 ],
    "faces": {
        "down":  { "uv": [ 7, 1, 6, 0 ], "texture": "#bottom" },
        "up":    { "uv": [ 9, 0, 10, 1 ], "texture": "#top" },
        "north": { "uv": [ 6, 9, 7, 10 ], "texture": "#side", "cullface": "north" },
        "west":  { "uv": [ 0, 9, 1, 10 ], "texture": "#side" },
        "east":  { "uv": [ 15, 9, 16, 10 ], "texture": "#side" }
    }
},
{
    "from": [ 9, 4, 0 ],
    "to": [ 10, 5, 1 ],
    "faces": {
        "down":  { "uv": [ 7, 1, 6, 0 ], "texture": "#bottom" },
        "up":    { "uv": [ 9, 0, 10, 1 ], "texture": "#top" },
        "north": { "uv": [ 6, 11, 7, 12 ], "texture": "#side", "cullface": "north" },
        "west":  { "uv": [ 0, 11, 1, 12 ], "texture": "#side" },
        "east":  { "uv": [ 15, 11, 16, 12 ], "texture": "#side" }
    }
},
{
    "from": [ 9, 2, 0 ],
    "to": [ 10, 3, 1 ],
    "faces": {
        "down":  { "uv": [ 7, 1, 6, 0 ], "texture": "#bottom" },
        "up":    { "uv": [ 9, 0, 10, 1 ], "texture": "#top" },
        "north": { "uv": [ 6, 13, 7, 14 ], "texture": "#side", "cullface": "north" },
        "west":  { "uv": [ 0, 13, 1, 14 ], "texture": "#side" },
        "east":  { "uv": [ 15, 13, 16, 14 ], "texture": "#side" }
    }
},
{
    "from": [ 12, 1, 0 ],
    "to": [ 13, 2, 1 ],
    "faces": {
        "down":  { "uv": [ 4, 1, 3, 0 ], "texture": "#bottom" },
        "up":    { "uv": [ 12, 0, 13, 1 ], "texture": "#top" },
        "north": { "uv": [ 3, 14, 4, 15 ], "texture": "#side", "cullface": "north" },
        "west":  { "uv": [ 0, 14, 1, 15 ], "texture": "#side" },
        "east":  { "uv": [ 15, 14, 16, 15 ], "texture": "#side" }
    }
},
{
    "from": [ 12, 3, 0 ],
    "to": [ 13, 4, 1 ],
    "faces": {
        "down":  { "uv": [ 4, 1, 3, 0 ], "texture": "#bottom" },
        "up":    { "uv": [ 12, 0, 13, 1 ], "texture": "#top" },
        "north": { "uv": [ 3, 12, 4, 13 ], "texture": "#side", "cullface": "north" },
        "west":  { "uv": [ 0, 12, 1, 13 ], "texture": "#side" },
        "east":  { "uv": [ 15, 12, 16, 13 ], "texture": "#side" }
    }
},
{
    "from": [ 12, 5, 0 ],
    "to": [ 13, 6, 1 ],
    "faces": {
        "down":  { "uv": [ 4, 1, 3, 0 ], "texture": "#bottom" },
        "up":    { "uv": [ 12, 0, 13, 1 ], "texture": "#top" },
        "north": { "uv": [ 3, 10, 4, 11 ], "texture": "#side", "cullface": "north" },
        "west":  { "uv": [ 0, 10, 1, 11 ], "texture": "#side" },
        "east":  { "uv": [ 15, 10, 16, 11 ], "texture": "#side" }
    }
},
{
    "from": [ 12, 7, 0 ],
    "to": [ 13, 8, 1 ],
    "faces": {
        "down":  { "uv": [ 4, 1, 3, 0 ], "texture": "#bottom" },
        "up":    { "uv": [ 12, 0, 13, 1 ], "texture": "#top" },
        "north": { "uv": [ 3, 8, 4, 9 ], "texture": "#side", "cullface": "north" },
        "west":  { "uv": [ 0, 8, 1, 9 ], "texture": "#side" },
        "east":  { "uv": [ 15, 8, 16, 9 ], "texture": "#side" }
    }
},
{
    "from": [ 12, 9, 0 ],
    "to": [ 13, 10, 1 ],
    "faces": {
        "down":  { "uv": [ 4, 1, 3, 0 ], "texture": "#bottom" },
        "up":    { "uv": [ 12, 0, 13, 1 ], "texture": "#top" },
        "north": { "uv": [ 3, 6, 4, 7 ], "texture": "#side", "cullface": "north" },
        "west":  { "uv": [ 0, 6, 1, 7 ], "texture": "#side" },
        "east":  { "uv": [ 15, 6, 16, 7 ], "texture": "#side" }
    }
},
{
    "from": [ 12, 11, 0 ],
    "to": [ 13, 12, 1 ],
    "faces": {
        "down":  { "uv": [ 4, 1, 3, 0 ], "texture": "#bottom" },
        "up":    { "uv": [ 12, 0, 13, 1 ], "texture": "#top" },
        "north": { "uv": [ 3, 4, 4, 5 ], "texture": "#side", "cullface": "north" },
        "west":  { "uv": [ 0, 4, 1, 5 ], "texture": "#side" },
        "east":  { "uv": [ 15, 4, 16, 5 ], "texture": "#side" }
    }
},
{
    "from": [ 12, 13, 0 ],
    "to": [ 13, 14, 1 ],
    "faces": {
        "down":  { "uv": [ 4, 1, 3, 0 ], "texture": "#bottom" },
        "up":    { "uv": [ 12, 0, 13, 1 ], "texture": "#top" },
        "north": { "uv": [ 3, 2, 4, 3 ], "texture": "#side", "cullface": "north" },
        "west":  { "uv": [ 0, 2, 1, 3 ], "texture": "#side" },
        "east":  { "uv": [ 15, 2, 16, 3 ], "texture": "#side" }
    }
},
{
    "from": [ 12, 15, 0 ],
    "to": [ 13, 16, 1 ],
    "faces": {
        "down":  { "uv": [ 4, 1, 3, 0 ], "texture": "#bottom" },
        "up":    { "uv": [ 12, 0, 13, 1 ], "texture": "#top", "cullface": "up" },
        "north": { "uv": [ 3, 0, 4, 1 ], "texture": "#side", "cullface": "north" },
        "west":  { "uv": [ 0, 0, 1, 1 ], "texture": "#side" },
        "east":  { "uv": [ 15, 0, 16, 1 ], "texture": "#side" }
    }
},
{
    "from": [ 3, 16, 13 ],
    "to": [ 4, 17, 14 ],
    "faces": {
        "up":    { "uv": [ 3, 13, 4, 14 ], "texture": "#top", "cullface": "up" },
        "north": { "uv": [ 3, 13, 4, 14 ], "texture": "#top", "cullface": "up" },
        "south": { "uv": [ 3, 13, 4, 14 ], "texture": "#top", "cullface": "up" },
        "west":  { "uv": [ 3, 13, 4, 14 ], "texture": "#top", "cullface": "up" },
        "east":  { "uv": [ 3, 13, 4, 14 ], "texture": "#top", "cullface": "up" }
    }
},
{
    "from": [ 2, 16, 12 ],
    "to": [ 3, 17, 13 ],
    "faces": {
        "up":    { "uv": [ 2, 12, 3, 13 ], "texture": "#top", "cullface": "up" },
        "north": { "uv": [ 2, 12, 3, 13 ], "texture": "#top", "cullface": "up" },
        "south": { "uv": [ 2, 12, 3, 13 ], "texture": "#top", "cullface": "up" },
        "west":  { "uv": [ 2, 12, 3, 13 ], "texture": "#top", "cullface": "up" },
        "east":  { "uv": [ 2, 12, 3, 13 ], "texture": "#top", "cullface": "up" }
    }
},
{
    "from": [ 4, 16, 11 ],
    "to": [ 5, 17, 12 ],
    "faces": {
        "up":    { "uv": [ 4, 11, 5, 12 ], "texture": "#top", "cullface": "up" },
        "north": { "uv": [ 4, 11, 5, 12 ], "texture": "#top", "cullface": "up" },
        "south": { "uv": [ 4, 11, 5, 12 ], "texture": "#top", "cullface": "up" },
        "west":  { "uv": [ 4, 11, 5, 12 ], "texture": "#top", "cullface": "up" },
        "east":  { "uv": [ 4, 11, 5, 12 ], "texture": "#top", "cullface": "up" }
    }
},
{
    "from": [ 6, 16, 11 ],
    "to": [ 7, 17, 12 ],
    "faces": {
        "up":    { "uv": [ 6, 11, 7, 12 ], "texture": "#top", "cullface": "up" },
        "north": { "uv": [ 6, 11, 7, 12 ], "texture": "#top", "cullface": "up" },
        "south": { "uv": [ 6, 11, 7, 12 ], "texture": "#top", "cullface": "up" },
        "west":  { "uv": [ 6, 11, 7, 12 ], "texture": "#top", "cullface": "up" },
        "east":  { "uv": [ 6, 11, 7, 12 ], "texture": "#top", "cullface": "up" }
    }
},
{
    "from": [ 6, 16, 13 ],
    "to": [ 7, 17, 14 ],
    "faces": {
        "up":    { "uv": [ 6, 13, 7, 14 ], "texture": "#top", "cullface": "up" },
        "north": { "uv": [ 6, 13, 7, 14 ], "texture": "#top", "cullface": "up" },
        "south": { "uv": [ 6, 13, 7, 14 ], "texture": "#top", "cullface": "up" },
        "west":  { "uv": [ 6, 13, 7, 14 ], "texture": "#top", "cullface": "up" },
        "east":  { "uv": [ 6, 13, 7, 14 ], "texture": "#top", "cullface": "up" }
    }
},
{
    "from": [ 9, 16, 13 ],
    "to": [ 10, 17, 14 ],
    "faces": {
        "up":    { "uv": [ 9, 13, 10, 14 ], "texture": "#top", "cullface": "up" },
        "north": { "uv": [ 9, 13, 10, 14 ], "texture": "#top", "cullface": "up" },
        "south": { "uv": [ 9, 13, 10, 14 ], "texture": "#top", "cullface": "up" },
        "west":  { "uv": [ 9, 13, 10, 14 ], "texture": "#top", "cullface": "up" },
        "east":  { "uv": [ 9, 13, 10, 14 ], "texture": "#top", "cullface": "up" }
    }
},
{
    "from": [ 9, 16, 11 ],
    "to": [ 10, 17, 12 ],
    "faces": {
        "up":    { "uv": [ 9, 11, 10, 12 ], "texture": "#top", "cullface": "up" },
        "north": { "uv": [ 9, 11, 10, 12 ], "texture": "#top", "cullface": "up" },
        "south": { "uv": [ 9, 11, 10, 12 ], "texture": "#top", "cullface": "up" },
        "west":  { "uv": [ 9, 11, 10, 12 ], "texture": "#top", "cullface": "up" },
        "east":  { "uv": [ 9, 11, 10, 12 ], "texture": "#top", "cullface": "up" }
    }
},
{
    "from": [ 11, 16, 11 ],
    "to": [ 12, 17, 12 ],
    "faces": {
        "up":    { "uv": [ 11, 11, 12, 12 ], "texture": "#top", "cullface": "up" },
        "north": { "uv": [ 11, 11, 12, 12 ], "texture": "#top", "cullface": "up" },
        "south": { "uv": [ 11, 11, 12, 12 ], "texture": "#top", "cullface": "up" },
        "west":  { "uv": [ 11, 11, 12, 12 ], "texture": "#top", "cullface": "up" },
        "east":  { "uv": [ 11, 11, 12, 12 ], "texture": "#top", "cullface": "up" }
    }
},
{
    "from": [ 12, 16, 13 ],
    "to": [ 13, 17, 14 ],
    "faces": {
        "up":    { "uv": [ 12, 13, 13, 14 ], "texture": "#top", "cullface": "up" },
        "north": { "uv": [ 12, 13, 13, 14 ], "texture": "#top", "cullface": "up" },
        "south": { "uv": [ 12, 13, 13, 14 ], "texture": "#top", "cullface": "up" },
        "west":  { "uv": [ 12, 13, 13, 14 ], "texture": "#top", "cullface": "up" },
        "east":  { "uv": [ 12, 13, 13, 14 ], "texture": "#top", "cullface": "up" }
    }
},
{
    "from": [ 13, 16, 12 ],
    "to": [ 14, 17, 13 ],
    "faces": {
        "up":    { "uv": [ 13, 12, 14, 13 ], "texture": "#top", "cullface": "up" },
        "north": { "uv": [ 13, 12, 14, 13 ], "texture": "#top", "cullface": "up" },
        "south": { "uv": [ 13, 12, 14, 13 ], "texture": "#top", "cullface": "up" },
        "west":  { "uv": [ 13, 12, 14, 13 ], "texture": "#top", "cullface": "up" },
        "east":  { "uv": [ 13, 12, 14, 13 ], "texture": "#top", "cullface": "up" }
    }
},
{
    "from": [ 13, 16, 9 ],
    "to": [ 14, 17, 10 ],
    "faces": {
        "up":    { "uv": [ 13, 9, 14, 10 ], "texture": "#top", "cullface": "up" },
        "north": { "uv": [ 13, 9, 14, 10 ], "texture": "#top", "cullface": "up" },
        "south": { "uv": [ 13, 9, 14, 10 ], "texture": "#top", "cullface": "up" },
        "west":  { "uv": [ 13, 9, 14, 10 ], "texture": "#top", "cullface": "up" },
        "east":  { "uv": [ 13, 9, 14, 10 ], "texture": "#top", "cullface": "up" }
    }
},
{
    "from": [ 11, 16, 9 ],
    "to": [ 12, 17, 10 ],
    "faces": {
        "up":    { "uv": [ 11, 9, 12, 10 ], "texture": "#top", "cullface": "up" },
        "north": { "uv": [ 11, 9, 12, 10 ], "texture": "#top", "cullface": "up" },
        "south": { "uv": [ 11, 9, 12, 10 ], "texture": "#top", "cullface": "up" },
        "west":  { "uv": [ 11, 9, 12, 10 ], "texture": "#top", "cullface": "up" },
        "east":  { "uv": [ 11, 9, 12, 10 ], "texture": "#top", "cullface": "up" }
    }
},
{
    "from": [ 11, 16, 6 ],
    "to": [ 12, 17, 7 ],
    "faces": {
        "up":    { "uv": [ 11, 6, 12, 7 ], "texture": "#top", "cullface": "up" },
        "north": { "uv": [ 9, 4, 10, 5 ], "texture": "#top", "cullface": "up" },
        "south": { "uv": [ 9, 4, 10, 5 ], "texture": "#top", "cullface": "up" },
        "west":  { "uv": [ 9, 4, 10, 5 ], "texture": "#top", "cullface": "up" },
        "east":  { "uv": [ 9, 4, 10, 5 ], "texture": "#top", "cullface": "up" }
    }
},
{
    "from": [ 13, 16, 6 ],
    "to": [ 14, 17, 7 ],
    "faces": {
        "up":    { "uv": [ 13, 6, 14, 7 ], "texture": "#top", "cullface": "up" },
        "north": { "uv": [ 13, 6, 14, 7 ], "texture": "#top", "cullface": "up" },
        "south": { "uv": [ 13, 6, 14, 7 ], "texture": "#top", "cullface": "up" },
        "west":  { "uv": [ 13, 6, 14, 7 ], "texture": "#top", "cullface": "up" },
        "east":  { "uv": [ 13, 6, 14, 7 ], "texture": "#top", "cullface": "up" }
    }
},
{
    "from": [ 13, 16, 3 ],
    "to": [ 14, 17, 4 ],
    "faces": {
        "up":    { "uv": [ 13, 3, 14, 4 ], "texture": "#top", "cullface": "up" },
        "north": { "uv": [ 13, 3, 14, 4 ], "texture": "#top", "cullface": "up" },
        "south": { "uv": [ 13, 3, 14, 4 ], "texture": "#top", "cullface": "up" },
        "west":  { "uv": [ 13, 3, 14, 4 ], "texture": "#top", "cullface": "up" },
        "east":  { "uv": [ 13, 3, 14, 4 ], "texture": "#top", "cullface": "up" }
    }
},
{
    "from": [ 12, 16, 2 ],
    "to": [ 13, 17, 3 ],
    "faces": {
        "up":    { "uv": [ 12, 2, 13, 3 ], "texture": "#top", "cullface": "up" },
        "north": { "uv": [ 12, 2, 13, 3 ], "texture": "#top", "cullface": "up" },
        "south": { "uv": [ 12, 2, 13, 3 ], "texture": "#top", "cullface": "up" },
        "west":  { "uv": [ 12, 2, 13, 3 ], "texture": "#top", "cullface": "up" },
        "east":  { "uv": [ 12, 2, 13, 3 ], "texture": "#top", "cullface": "up" }
    }
},
{
    "from": [ 11, 16, 4 ],
    "to": [ 12, 17, 5 ],
    "faces": {
        "up":    { "uv": [ 11, 4, 12, 5 ], "texture": "#top", "cullface": "up" },
        "north": { "uv": [ 11, 4, 12, 5 ], "texture": "#top", "cullface": "up" },
        "south": { "uv": [ 11, 4, 12, 5 ], "texture": "#top", "cullface": "up" },
        "west":  { "uv": [ 11, 4, 12, 5 ], "texture": "#top", "cullface": "up" },
        "east":  { "uv": [ 11, 4, 12, 5 ], "texture": "#top", "cullface": "up" }
    }
},
{
    "from": [ 9, 16, 4 ],
    "to": [ 10, 17, 5 ],
    "faces": {
        "up":    { "uv": [ 9, 4, 10, 5 ], "texture": "#top", "cullface": "up" },
        "north": { "uv": [ 9, 4, 10, 5 ], "texture": "#top", "cullface": "up" },
        "south": { "uv": [ 9, 4, 10, 5 ], "texture": "#top", "cullface": "up" },
        "west":  { "uv": [ 9, 4, 10, 5 ], "texture": "#top", "cullface": "up" },
        "east":  { "uv": [ 9, 4, 10, 5 ], "texture": "#top", "cullface": "up" }
    }
},
{
    "from": [ 9, 16, 2 ],
    "to": [ 10, 17, 3 ],
    "faces": {
        "up":    { "uv": [ 9, 2, 10, 3 ], "texture": "#top", "cullface": "up" },
        "north": { "uv": [ 9, 2, 10, 3 ], "texture": "#top", "cullface": "up" },
        "south": { "uv": [ 9, 2, 10, 3 ], "texture": "#top", "cullface": "up" },
        "west":  { "uv": [ 9, 2, 10, 3 ], "texture": "#top", "cullface": "up" },
        "east":  { "uv": [ 9, 2, 10, 3 ], "texture": "#top", "cullface": "up" }
    }
},
{
    "from": [ 6, 16, 2 ],
    "to": [ 7, 17, 3 ],
    "faces": {
        "up":    { "uv": [ 6, 2, 7, 3 ], "texture": "#top", "cullface": "up" },
        "north": { "uv": [ 6, 2, 7, 3 ], "texture": "#top", "cullface": "up" },
        "south": { "uv": [ 6, 2, 7, 3 ], "texture": "#top", "cullface": "up" },
        "west":  { "uv": [ 6, 2, 7, 3 ], "texture": "#top", "cullface": "up" },
        "east":  { "uv": [ 6, 2, 7, 3 ], "texture": "#top", "cullface": "up" }
    }
},
{
    "from": [ 6, 16, 4 ],
    "to": [ 7, 17, 5 ],
    "faces": {
        "up":    { "uv": [ 6, 4, 7, 5 ], "texture": "#top", "cullface": "up" },
        "north": { "uv": [ 6, 4, 7, 5 ], "texture": "#top", "cullface": "up" },
        "south": { "uv": [ 6, 4, 7, 5 ], "texture": "#top", "cullface": "up" },
        "west":  { "uv": [ 6, 4, 7, 5 ], "texture": "#top", "cullface": "up" },
        "east":  { "uv": [ 6, 4, 7, 5 ], "texture": "#top", "cullface": "up" }
    }
},
{
    "from": [ 4, 16, 4 ],
    "to": [ 5, 17, 5 ],
    "faces": {
        "up":    { "uv": [ 4, 4, 5, 5 ], "texture": "#top", "cullface": "up" },
        "north": { "uv": [ 4, 4, 5, 5 ], "texture": "#top", "cullface": "up" },
        "south": { "uv": [ 4, 4, 5, 5 ], "texture": "#top", "cullface": "up" },
        "west":  { "uv": [ 4, 4, 5, 5 ], "texture": "#top", "cullface": "up" },
        "east":  { "uv": [ 4, 4, 5, 5 ], "texture": "#top", "cullface": "up" }
    }
},
{
    "from": [ 3, 16, 2 ],
    "to": [ 4, 17, 3 ],
    "faces": {
        "up":    { "uv": [ 3, 2, 4, 3 ], "texture": "#top", "cullface": "up" },
        "north": { "uv": [ 3, 2, 4, 3 ], "texture": "#top", "cullface": "up" },
        "south": { "uv": [ 3, 2, 4, 3 ], "texture": "#top", "cullface": "up" },
        "west":  { "uv": [ 3, 2, 4, 3 ], "texture": "#top", "cullface": "up" },
        "east":  { "uv": [ 3, 2, 4, 3 ], "texture": "#top", "cullface": "up" }
    }
},
{
    "from": [ 2, 16, 3 ],
    "to": [ 3, 17, 4 ],
    "faces": {
        "up":    { "uv": [ 2, 3, 3, 4 ], "texture": "#top", "cullface": "up" },
        "north": { "uv": [ 2, 3, 3, 4 ], "texture": "#top", "cullface": "up" },
        "south": { "uv": [ 2, 3, 3, 4 ], "texture": "#top", "cullface": "up" },
        "west":  { "uv": [ 2, 3, 3, 4 ], "texture": "#top", "cullface": "up" },
        "east":  { "uv": [ 2, 3, 3, 4 ], "texture": "#top", "cullface": "up" }
    }
},
{
    "from": [ 2, 16, 6 ],
    "to": [ 3, 17, 7 ],
    "faces": {
        "up":    { "uv": [ 2, 6, 3, 7 ], "texture": "#top", "cullface": "up" },
        "north": { "uv": [ 2, 6, 3, 7 ], "texture": "#top", "cullface": "up" },
        "south": { "uv": [ 2, 6, 3, 7 ], "texture": "#top", "cullface": "up" },
        "west":  { "uv": [ 2, 6, 3, 7 ], "texture": "#top", "cullface": "up" },
        "east":  { "uv": [ 2, 6, 3, 7 ], "texture": "#top", "cullface": "up" }
    }
},
{
    "from": [ 4, 16, 6 ],
    "to": [ 5, 17, 7 ],
    "faces": {
        "up":    { "uv": [ 4, 6, 5, 7 ], "texture": "#top", "cullface": "up" },
        "north": { "uv": [ 4, 6, 5, 7 ], "texture": "#top", "cullface": "up" },
        "south": { "uv": [ 4, 6, 5, 7 ], "texture": "#top", "cullface": "up" },
        "west":  { "uv": [ 4, 6, 5, 7 ], "texture": "#top", "cullface": "up" },
        "east":  { "uv": [ 4, 6, 5, 7 ], "texture": "#top", "cullface": "up" }
    }
},
{
    "from": [ 4, 16, 9 ],
    "to": [ 5, 17, 10 ],
    "faces": {
        "up":    { "uv": [ 4, 9, 5, 10 ], "texture": "#top", "cullface": "up" },
        "north": { "uv": [ 4, 9, 5, 10 ], "texture": "#top", "cullface": "up" },
        "south": { "uv": [ 4, 9, 5, 10 ], "texture": "#top", "cullface": "up" },
        "west":  { "uv": [ 4, 9, 5, 10 ], "texture": "#top", "cullface": "up" },
        "east":  { "uv": [ 4, 9, 5, 10 ], "texture": "#top", "cullface": "up" }
    }
},
{
    "from": [ 2, 16, 9 ],
    "to": [ 3, 17, 10 ],
    "faces": {
        "up":    { "uv": [ 2, 9, 3, 10 ], "texture": "#top", "cullface": "up" },
        "north": { "uv": [ 2, 9, 3, 10 ], "texture": "#top", "cullface": "up" },
        "south": { "uv": [ 2, 9, 3, 10 ], "texture": "#top", "cullface": "up" },
        "west":  { "uv": [ 2, 9, 3, 10 ], "texture": "#top", "cullface": "up" },
        "east":  { "uv": [ 2, 9, 3, 10 ], "texture": "#top", "cullface": "up" }
    }
},
{
    "from": [ 6, 16, 7 ],
    "to": [ 10, 17, 9 ],
    "faces": {
        "up":    { "uv": [ 6, 7, 10, 9 ], "texture": "#top", "cullface": "up" },
        "north": { "uv": [ 10, 8, 6, 7 ], "texture": "#top", "cullface": "up" },
        "south": { "uv": [ 6, 8, 10, 9 ], "texture": "#top", "cullface": "up" },
        "west":  { "uv": [ 7, 9, 6, 7 ], "rotation": 90, "texture": "#top", "cullface": "up" },
        "east":  { "uv": [ 9, 7, 10, 9 ], "rotation": 90, "texture": "#top", "cullface": "up" }
    }
},
{
    "from": [ 7, 16, 6 ],
    "to": [ 9, 17, 7 ],
    "faces": {
        "up":    { "uv": [ 7, 6, 9, 7 ], "texture": "#top", "cullface": "up" },
        "north": { "uv": [ 9, 7, 7, 6 ], "texture": "#top", "cullface": "up" },
        "west":  { "uv": [ 7, 6, 8, 7 ], "texture": "#top", "cullface": "up" },
        "east":  { "uv": [ 8, 6, 9, 7 ], "texture": "#top", "cullface": "up" }
    }
},
{
    "from": [ 7, 16, 9 ],
    "to": [ 9, 17, 10 ],
    "faces": {
        "up":    { "uv": [ 7, 9, 9, 10 ], "texture": "#top", "cullface": "up" },
        "south": { "uv": [ 7, 9, 9, 10 ], "texture": "#top", "cullface": "up" },
        "west":  { "uv": [ 7, 9, 8, 10 ], "texture": "#top", "cullface": "up" },
        "east":  { "uv": [ 8, 9, 9, 10 ], "texture": "#top", "cullface": "up" }
    }
},
{
    "from": [ 15, 2, 4 ],
    "to": [ 27, 10, 12 ],
    "faces": {
        "down":  { "uv": [ 4, 2, 12, 14 ], "rotation": 90, "texture": "#branchBottom" },
        "up":    { "uv": [ 4, 2, 12, 14 ], "rotation": 90, "texture": "#branchBottom" },
        "north": { "uv": [ 12, 6, 0, 14 ], "texture": "#branchSide" },
        "south": { "uv": [ 0, 6, 12, 14 ], "texture": "#branchSide" },
        "east":  { "uv": [ 4, 6, 12, 14 ], "texture": "#branchFront" }
    }
},
{
    "from": [ 19, 10, 4 ],
    "to": [ 27, 14, 12 ],
    "faces": {
        "up":    { "uv": [ 4, 4, 12, 12 ], "texture": "#branchTop" },
        "north": { "uv": [ 12, 2, 4, 6 ], "texture": "#branchSide" },
        "south": { "uv": [ 4, 2, 12, 6 ], "texture": "#branchSide" },
        "west":  { "uv": [ 12, 2, 4, 6 ], "texture": "#branchFront" },
        "east":  { "uv": [ 4, 2, 12, 6 ], "texture": "#branchFront" }
    }
},
{
    "from": [ 17, 4, 3 ],
    "to": [ 18, 5, 4 ],
    "faces": {
        "down":  { "uv": [ 12, 11, 13, 12 ], "texture": "#branchBottom" },
        "up":    { "uv": [ 12, 11, 13, 12 ], "texture": "#branchBottom" },
        "north": { "uv": [ 2, 11, 3, 12 ], "texture": "#branchSide" },
        "west":  { "uv": [ 3, 11, 4, 12 ], "texture": "#branchFront" },
        "east":  { "uv": [ 12, 11, 13, 12 ], "texture": "#branchFront" }
    }
},
{
    "from": [ 19, 4, 3 ],
    "to": [ 20, 5, 4 ],
    "faces": {
        "down":  { "uv": [ 12, 11, 13, 12 ], "texture": "#branchBottom" },
        "up":    { "uv": [ 12, 11, 13, 12 ], "texture": "#branchBottom" },
        "north": { "uv": [ 4, 11, 5, 12 ], "texture": "#branchSide" },
        "west":  { "uv": [ 3, 11, 4, 12 ], "texture": "#branchFront" },
        "east":  { "uv": [ 12, 11, 13, 12 ], "texture": "#branchFront" }
    }
},
{
    "from": [ 21, 4, 3 ],
    "to": [ 22, 5, 4 ],
    "faces": {
        "down":  { "uv": [ 12, 11, 13, 12 ], "texture": "#branchBottom" },
        "up":    { "uv": [ 12, 11, 13, 12 ], "texture": "#branchBottom" },
        "north": { "uv": [ 6, 11, 7, 12 ], "texture": "#branchSide" },
        "west":  { "uv": [ 3, 11, 4, 12 ], "texture": "#branchFront" },
        "east":  { "uv": [ 12, 11, 13, 12 ], "texture": "#branchFront" }
    }
},
{
    "from": [ 23, 4, 3 ],
    "to": [ 24, 5, 4 ],
    "faces": {
        "down":  { "uv": [ 12, 11, 13, 12 ], "texture": "#branchBottom" },
        "up":    { "uv": [ 12, 11, 13, 12 ], "texture": "#branchBottom" },
        "north": { "uv": [ 8, 11, 9, 12 ], "texture": "#branchSide" },
        "west":  { "uv": [ 3, 11, 4, 12 ], "texture": "#branchFront" },
        "east":  { "uv": [ 12, 11, 13, 12 ], "texture": "#branchFront" }
    }
},
{
    "from": [ 24, 6, 3 ],
    "to": [ 25, 7, 4 ],
    "faces": {
        "down":  { "uv": [ 12, 9, 13, 10 ], "texture": "#branchBottom" },
        "up":    { "uv": [ 12, 9, 13, 10 ], "texture": "#branchBottom" },
        "north": { "uv": [ 9, 9, 10, 10 ], "texture": "#branchSide" },
        "west":  { "uv": [ 3, 9, 4, 10 ], "texture": "#branchFront" },
        "east":  { "uv": [ 12, 9, 13, 10 ], "texture": "#branchFront" }
    }
},
{
    "from": [ 20, 7, 3 ],
    "to": [ 21, 8, 4 ],
    "faces": {
        "down":  { "uv": [ 12, 8, 13, 9 ], "texture": "#branchBottom" },
        "up":    { "uv": [ 12, 8, 13, 9 ], "texture": "#branchBottom" },
        "north": { "uv": [ 5, 8, 6, 9 ], "texture": "#branchSide" },
        "west":  { "uv": [ 3, 8, 4, 9 ], "texture": "#branchFront" },
        "east":  { "uv": [ 12, 8, 13, 9 ], "texture": "#branchFront" }
    }
},
{
    "from": [ 18, 7, 3 ],
    "to": [ 19, 8, 4 ],
    "faces": {
        "down":  { "uv": [ 12, 8, 13, 9 ], "texture": "#branchBottom" },
        "up":    { "uv": [ 12, 8, 13, 9 ], "texture": "#branchBottom" },
        "north": { "uv": [ 3, 8, 4, 9 ], "texture": "#branchSide" },
        "west":  { "uv": [ 3, 8, 4, 9 ], "texture": "#branchFront" },
        "east":  { "uv": [ 12, 8, 13, 9 ], "texture": "#branchFront" }
    }
},
{
    "from": [ 24, 8, 3 ],
    "to": [ 25, 9, 4 ],
    "faces": {
        "down":  { "uv": [ 12, 7, 13, 8 ], "texture": "#branchBottom" },
        "up":    { "uv": [ 12, 7, 13, 8 ], "texture": "#branchBottom" },
        "north": { "uv": [ 9, 7, 10, 8 ], "texture": "#branchSide" },
        "west":  { "uv": [ 3, 7, 4, 8 ], "texture": "#branchFront" },
        "east":  { "uv": [ 12, 7, 13, 8 ], "texture": "#branchFront" }
    }
},
{
    "from": [ 24, 10, 3 ],
    "to": [ 25, 11, 4 ],
    "faces": {
        "down":  { "uv": [ 12, 5, 13, 6 ], "texture": "#branchBottom" },
        "up":    { "uv": [ 12, 5, 13, 6 ], "texture": "#branchBottom" },
        "north": { "uv": [ 9, 5, 10, 6 ], "texture": "#branchSide" },
        "west":  { "uv": [ 3, 5, 4, 6 ], "texture": "#branchFront" },
        "east":  { "uv": [ 12, 5, 13, 6 ], "texture": "#branchFront" }
    }
},
{
    "from": [ 24, 12, 3 ],
    "to": [ 25, 13, 4 ],
    "faces": {
        "down":  { "uv": [ 12, 3, 13, 4 ], "texture": "#branchBottom" },
        "up":    { "uv": [ 12, 3, 13, 4 ], "texture": "#branchBottom" },
        "north": { "uv": [ 9, 3, 10, 4 ], "texture": "#branchSide" },
        "west":  { "uv": [ 3, 3, 4, 4 ], "texture": "#branchFront" },
        "east":  { "uv": [ 12, 3, 13, 4 ], "texture": "#branchFront" }
    }
},
{
    "from": [ 21, 9, 3 ],
    "to": [ 22, 10, 4 ],
    "faces": {
        "down":  { "uv": [ 12, 6, 13, 7 ], "texture": "#branchBottom" },
        "up":    { "uv": [ 12, 6, 13, 7 ], "texture": "#branchBottom" },
        "north": { "uv": [ 6, 6, 7, 7 ], "texture": "#branchSide" },
        "west":  { "uv": [ 3, 6, 4, 7 ], "texture": "#branchFront" },
        "east":  { "uv": [ 12, 6, 13, 7 ], "texture": "#branchFront" }
    }
},
{
    "from": [ 21, 11, 3 ],
    "to": [ 22, 12, 4 ],
    "faces": {
        "down":  { "uv": [ 12, 4, 13, 5 ], "texture": "#branchBottom" },
        "up":    { "uv": [ 12, 4, 13, 5 ], "texture": "#branchBottom" },
        "north": { "uv": [ 6, 4, 7, 5 ], "texture": "#branchSide" },
        "west":  { "uv": [ 3, 4, 4, 5 ], "texture": "#branchFront" },
        "east":  { "uv": [ 12, 4, 13, 5 ], "texture": "#branchFront" }
    }
},
{
    "from": [ 17, 1, 6 ],
    "to": [ 18, 2, 7 ],
    "faces": {
        "down":  { "uv": [ 9, 11, 10, 12 ], "texture": "#branchBottom" },
        "north": { "uv": [ 2, 14, 3, 15 ], "texture": "#branchSide" },
        "south": { "uv": [ 1, 14, 2, 15 ], "texture": "#branchSide" },
        "west":  { "uv": [ 6, 14, 7, 15 ], "texture": "#branchFront" },
        "east":  { "uv": [ 9, 14, 10, 15 ], "texture": "#branchFront" }
    }
},
{
    "from": [ 19, 1, 6 ],
    "to": [ 20, 2, 7 ],
    "faces": {
        "down":  { "uv": [ 9, 9, 10, 10 ], "texture": "#branchBottom" },
        "north": { "uv": [ 4, 14, 5, 15 ], "texture": "#branchSide" },
        "south": { "uv": [ 4, 14, 5, 15 ], "texture": "#branchSide" },
        "west":  { "uv": [ 6, 14, 7, 15 ], "texture": "#branchFront" },
        "east":  { "uv": [ 9, 14, 10, 15 ], "texture": "#branchFront" }
    }
},
{
    "from": [ 21, 1, 6 ],
    "to": [ 22, 2, 7 ],
    "faces": {
        "down":  { "uv": [ 9, 7, 10, 8 ], "texture": "#branchBottom" },
        "north": { "uv": [ 6, 14, 7, 15 ], "texture": "#branchSide" },
        "south": { "uv": [ 6, 14, 7, 15 ], "texture": "#branchSide" },
        "west":  { "uv": [ 6, 14, 7, 15 ], "texture": "#branchFront" },
        "east":  { "uv": [ 9, 14, 10, 15 ], "texture": "#branchFront" }
    }
},
{
    "from": [ 23, 1, 6 ],
    "to": [ 24, 2, 7 ],
    "faces": {
        "down":  { "uv": [ 9, 5, 10, 6 ], "texture": "#branchBottom" },
        "north": { "uv": [ 8, 14, 9, 15 ], "texture": "#branchSide" },
        "south": { "uv": [ 8, 14, 9, 15 ], "texture": "#branchSide" },
        "west":  { "uv": [ 6, 14, 7, 15 ], "texture": "#branchFront" },
        "east":  { "uv": [ 9, 14, 10, 15 ], "texture": "#branchFront" }
    }
},
{
    "from": [ 25, 1, 6 ],
    "to": [ 26, 2, 7 ],
    "faces": {
        "down":  { "uv": [ 9, 3, 10, 4 ], "texture": "#branchBottom" },
        "north": { "uv": [ 10, 14, 11, 15 ], "texture": "#branchSide" },
        "south": { "uv": [ 10, 14, 11, 15 ], "texture": "#branchSide" },
        "west":  { "uv": [ 6, 14, 7, 15 ], "texture": "#branchFront" },
        "east":  { "uv": [ 9, 14, 10, 15 ], "texture": "#branchFront" }
    }
},
{
    "from": [ 24, 1, 9 ],
    "to": [ 25, 2, 10 ],
    "faces": {
        "down":  { "uv": [ 6, 4, 7, 5 ], "texture": "#branchBottom" },
        "north": { "uv": [ 9, 14, 10, 15 ], "texture": "#branchSide" },
        "south": { "uv": [ 9, 14, 10, 15 ], "texture": "#branchSide" },
        "west":  { "uv": [ 9, 14, 10, 15 ], "texture": "#branchFront" },
        "east":  { "uv": [ 6, 14, 7, 15 ], "texture": "#branchFront" }
    }
},
{
    "from": [ 22, 1, 9 ],
    "to": [ 23, 2, 10 ],
    "faces": {
        "down":  { "uv": [ 6, 6, 7, 7 ], "texture": "#branchBottom" },
        "north": { "uv": [ 7, 14, 8, 15 ], "texture": "#branchSide" },
        "south": { "uv": [ 7, 14, 8, 15 ], "texture": "#branchSide" },
        "west":  { "uv": [ 9, 14, 10, 15 ], "texture": "#branchFront" },
        "east":  { "uv": [ 6, 14, 7, 15 ], "texture": "#branchFront" }
    }
},
{
    "from": [ 20, 1, 9 ],
    "to": [ 21, 2, 10 ],
    "faces": {
        "down":  { "uv": [ 6, 8, 7, 9 ], "texture": "#branchBottom" },
        "north": { "uv": [ 5, 14, 6, 15 ], "texture": "#branchSide" },
        "south": { "uv": [ 5, 14, 6, 15 ], "texture": "#branchSide" },
        "west":  { "uv": [ 9, 14, 10, 15 ], "texture": "#branchFront" },
        "east":  { "uv": [ 6, 14, 7, 15 ], "texture": "#branchFront" }
    }
},
{
    "from": [ 18, 1, 9 ],
    "to": [ 19, 2, 10 ],
    "faces": {
        "down":  { "uv": [ 6, 10, 7, 11 ], "texture": "#branchBottom" },
        "north": { "uv": [ 3, 14, 4, 15 ], "texture": "#branchSide" },
        "south": { "uv": [ 3, 14, 4, 15 ], "texture": "#branchSide" },
        "west":  { "uv": [ 9, 14, 10, 15 ], "texture": "#branchFront" },
        "east":  { "uv": [ 6, 14, 7, 15 ], "texture": "#branchFront" }
    }
},
{
    "from": [ 27, 11, 9 ],
    "to": [ 28, 12, 10 ],
    "faces": {
        "down":  { "uv": [ 6, 1, 7, 2 ], "texture": "#branchBottom" },
        "up":    { "uv": [ 6, 1, 7, 2 ], "texture": "#branchBottom" },
        "north": { "uv": [ 12, 4, 13, 5 ], "texture": "#branchSide" },
        "south": { "uv": [ 12, 4, 13, 5 ], "texture": "#branchSide" },
        "east":  { "uv": [ 6, 4, 7, 5 ], "texture": "#branchFront" }
    }
},
{
    "from": [ 27, 9, 9 ],
    "to": [ 28, 10, 10 ],
    "faces": {
        "down":  { "uv": [ 6, 1, 7, 2 ], "texture": "#branchBottom" },
        "up":    { "uv": [ 6, 1, 7, 2 ], "texture": "#branchBottom" },
        "north": { "uv": [ 12, 6, 13, 7 ], "texture": "#branchSide" },
        "south": { "uv": [ 12, 6, 13, 7 ], "texture": "#branchSide" },
        "east":  { "uv": [ 6, 6, 7, 7 ], "texture": "#branchFront" }
    }
},
{
    "from": [ 27, 7, 9 ],
    "to": [ 28, 8, 10 ],
    "faces": {
        "down":  { "uv": [ 6, 1, 7, 2 ], "texture": "#branchBottom" },
        "up":    { "uv": [ 6, 1, 7, 2 ], "texture": "#branchBottom" },
        "north": { "uv": [ 12, 8, 13, 9 ], "texture": "#branchSide" },
        "south": { "uv": [ 12, 8, 13, 9 ], "texture": "#branchSide" },
        "east":  { "uv": [ 6, 8, 7, 9 ], "texture": "#branchFront" }
    }
},
{
    "from": [ 27, 5, 9 ],
    "to": [ 28, 6, 10 ],
    "faces": {
        "down":  { "uv": [ 6, 1, 7, 2 ], "texture": "#branchBottom" },
        "up":    { "uv": [ 6, 1, 7, 2 ], "texture": "#branchBottom" },
        "north": { "uv": [ 12, 10, 13, 11 ], "texture": "#branchSide" },
        "south": { "uv": [ 12, 10, 13, 11 ], "texture": "#branchSide" },
        "east":  { "uv": [ 6, 10, 7, 11 ], "texture": "#branchFront" }
    }
},
{
    "from": [ 27, 3, 9 ],
    "to": [ 28, 4, 10 ],
    "faces": {
        "down":  { "uv": [ 6, 1, 7, 2 ], "texture": "#branchBottom" },
        "up":    { "uv": [ 6, 1, 7, 2 ], "texture": "#branchBottom" },
        "north": { "uv": [ 12, 12, 13, 13 ], "texture": "#branchSide" },
        "south": { "uv": [ 12, 12, 13, 13 ], "texture": "#branchSide" },
        "east":  { "uv": [ 6, 12, 7, 13 ], "texture": "#branchFront" }
    }
},
{
    "from": [ 27, 4, 6 ],
    "to": [ 28, 5, 7 ],
    "faces": {
        "down":  { "uv": [ 9, 1, 10, 2 ], "texture": "#branchBottom" },
        "up":    { "uv": [ 9, 1, 10, 2 ], "texture": "#branchBottom" },
        "north": { "uv": [ 12, 11, 13, 12 ], "texture": "#branchSide" },
        "south": { "uv": [ 12, 11, 13, 12 ], "texture": "#branchSide" },
        "east":  { "uv": [ 9, 11, 10, 12 ], "texture": "#branchFront" }
    }
},
{
    "from": [ 27, 6, 6 ],
    "to": [ 28, 7, 7 ],
    "faces": {
        "down":  { "uv": [ 9, 1, 10, 2 ], "texture": "#branchBottom" },
        "up":    { "uv": [ 9, 1, 10, 2 ], "texture": "#branchBottom" },
        "north": { "uv": [ 12, 9, 13, 10 ], "texture": "#branchSide" },
        "south": { "uv": [ 12, 9, 13, 10 ], "texture": "#branchSide" },
        "east":  { "uv": [ 9, 9, 10, 10 ], "texture": "#branchFront" }
    }
},
{
    "from": [ 27, 8, 6 ],
    "to": [ 28, 9, 7 ],
    "faces": {
        "down":  { "uv": [ 9, 1, 10, 2 ], "texture": "#branchBottom" },
        "up":    { "uv": [ 9, 1, 10, 2 ], "texture": "#branchBottom" },
        "north": { "uv": [ 12, 7, 13, 8 ], "texture": "#branchSide" },
        "south": { "uv": [ 12, 7, 13, 8 ], "texture": "#branchSide" },
        "east":  { "uv": [ 9, 7, 10, 8 ], "texture": "#branchFront" }
    }
},
{
    "from": [ 27, 10, 6 ],
    "to": [ 28, 11, 7 ],
    "faces": {
        "down":  { "uv": [ 9, 1, 10, 2 ], "texture": "#branchBottom" },
        "up":    { "uv": [ 9, 1, 10, 2 ], "texture": "#branchBottom" },
        "north": { "uv": [ 12, 5, 13, 6 ], "texture": "#branchSide" },
        "south": { "uv": [ 12, 5, 13, 6 ], "texture": "#branchSide" },
        "east":  { "uv": [ 9, 5, 10, 6 ], "texture": "#branchFront" }
    }
},
{
    "from": [ 27, 12, 6 ],
    "to": [ 28, 13, 7 ],
    "faces": {
        "down":  { "uv": [ 9, 1, 10, 2 ], "texture": "#branchBottom" },
        "up":    { "uv": [ 9, 1, 10, 2 ], "texture": "#branchBottom" },
        "north": { "uv": [ 12, 3, 13, 4 ], "texture": "#branchSide" },
        "south": { "uv": [ 12, 3, 13, 4 ], "texture": "#branchSide" },
        "east":  { "uv": [ 9, 3, 10, 4 ], "texture": "#branchFront" }
    }
},
{
    "from": [ 18, 10, 6 ],
    "to": [ 19, 11, 7 ],
    "faces": {
        "up":    { "uv": [ 6, 10, 7, 11 ], "texture": "#branchBottom" },
        "north": { "uv": [ 3, 5, 4, 6 ], "texture": "#branchSide" },
        "south": { "uv": [ 3, 5, 4, 6 ], "texture": "#branchSide" },
        "west":  { "uv": [ 9, 5, 10, 6 ], "texture": "#branchFront" }
    }
},
{
    "from": [ 17, 10, 9 ],
    "to": [ 18, 11, 10 ],
    "faces": {
        "up":    { "uv": [ 9, 11, 10, 12 ], "texture": "#branchBottom" },
        "north": { "uv": [ 3, 5, 4, 6 ], "texture": "#branchSide" },
        "south": { "uv": [ 16, 5, 16, 6 ], "texture": "#branchSide" },
        "west":  { "uv": [ 9, 5, 10, 6 ], "texture": "#branchFront" },
        "east":  { "uv": [ 9, 5, 10, 6 ], "texture": "#branchFront" }
    }
},
{
    "from": [ 18, 11, 9 ],
    "to": [ 19, 12, 10 ],
    "faces": {
        "down":  { "uv": [ 9, 7, 10, 8 ], "texture": "#branchBottom" },
        "up":    { "uv": [ 9, 7, 10, 8 ], "texture": "#branchBottom" },
        "north": { "uv": [ 3, 4, 4, 5 ], "texture": "#branchSide" },
        "south": { "uv": [ 3, 4, 4, 5 ], "texture": "#branchSide" },
        "west":  { "uv": [ 6, 4, 7, 5 ], "texture": "#branchFront" }
    }
},
{
    "from": [ 18, 12, 6 ],
    "to": [ 19, 13, 7 ],
    "faces": {
        "down":  { "uv": [ 6, 6, 7, 7 ], "texture": "#branchBottom" },
        "up":    { "uv": [ 6, 6, 7, 7 ], "texture": "#branchBottom" },
        "north": { "uv": [ 3, 3, 4, 4 ], "texture": "#branchSide" },
        "south": { "uv": [ 3, 3, 4, 4 ], "texture": "#branchSide" },
        "west":  { "uv": [ 9, 3, 10, 4 ], "texture": "#branchFront" }
    }
},
{
    "from": [ 20, 14, 6 ],
    "to": [ 21, 15, 7 ],
    "faces": {
        "up":    { "uv": [ 5, 6, 6, 7 ], "texture": "#branchTop" },
        "north": { "uv": [ 10, 1, 11, 2 ], "texture": "#branchSide" },
        "south": { "uv": [ 5, 1, 6, 2 ], "texture": "#branchSide" },
        "west":  { "uv": [ 6, 1, 7, 2 ], "texture": "#branchFront" },
        "east":  { "uv": [ 9, 1, 10, 2 ], "texture": "#branchFront" }
    }
},
{
    "from": [ 21, 14, 5 ],
    "to": [ 22, 15, 6 ],
    "faces": {
        "up":    { "uv": [ 6, 5, 7, 6 ], "texture": "#branchTop" },
        "north": { "uv": [ 9, 1, 10, 2 ], "texture": "#branchSide" },
        "south": { "uv": [ 6, 1, 7, 2 ], "texture": "#branchSide" },
        "west":  { "uv": [ 5, 1, 6, 2 ], "texture": "#branchFront" },
        "east":  { "uv": [ 10, 1, 11, 2 ], "texture": "#branchFront" }
    }
},
{
    "from": [ 24, 14, 5 ],
    "to": [ 25, 15, 6 ],
    "faces": {
        "up":    { "uv": [ 9, 5, 10, 6 ], "texture": "#branchTop" },
        "north": { "uv": [ 6, 1, 7, 2 ], "texture": "#branchSide" },
        "south": { "uv": [ 9, 1, 10, 2 ], "texture": "#branchSide" },
        "west":  { "uv": [ 5, 1, 6, 2 ], "texture": "#branchFront" },
        "east":  { "uv": [ 10, 1, 11, 2 ], "texture": "#branchFront" }
    }
},
{
    "from": [ 25, 14, 6 ],
    "to": [ 26, 15, 7 ],
    "faces": {
        "up":    { "uv": [ 10, 6, 11, 7 ], "texture": "#branchTop" },
        "north": { "uv": [ 5, 1, 6, 2 ], "texture": "#branchSide" },
        "south": { "uv": [ 10, 1, 11, 2 ], "texture": "#branchSide" },
        "west":  { "uv": [ 6, 1, 7, 2 ], "texture": "#branchFront" },
        "east":  { "uv": [ 9, 1, 10, 2 ], "texture": "#branchFront" }
    }
},
{
    "from": [ 25, 14, 9 ],
    "to": [ 26, 15, 10 ],
    "faces": {
        "up":    { "uv": [ 10, 9, 11, 10 ], "texture": "#branchTop" },
        "north": { "uv": [ 5, 1, 6, 2 ], "texture": "#branchSide" },
        "south": { "uv": [ 10, 1, 11, 2 ], "texture": "#branchSide" },
        "west":  { "uv": [ 9, 1, 10, 2 ], "texture": "#branchFront" },
        "east":  { "uv": [ 6, 1, 7, 2 ], "texture": "#branchFront" }
    }
},
{
    "from": [ 24, 14, 10 ],
    "to": [ 25, 15, 11 ],
    "faces": {
        "up":    { "uv": [ 9, 10, 10, 11 ], "texture": "#branchTop" },
        "north": { "uv": [ 6, 1, 7, 2 ], "texture": "#branchSide" },
        "south": { "uv": [ 9, 1, 10, 2 ], "texture": "#branchSide" },
        "west":  { "uv": [ 10, 1, 11, 2 ], "texture": "#branchFront" },
        "east":  { "uv": [ 5, 1, 6, 2 ], "texture": "#branchFront" }
    }
},
{
    "from": [ 21, 14, 10 ],
    "to": [ 22, 15, 11 ],
    "faces": {
        "up":    { "uv": [ 6, 10, 7, 11 ], "texture": "#branchTop" },
        "north": { "uv": [ 9, 1, 10, 2 ], "texture": "#branchSide" },
        "south": { "uv": [ 6, 1, 7, 2 ], "texture": "#branchSide" },
        "west":  { "uv": [ 10, 1, 11, 2 ], "texture": "#branchFront" },
        "east":  { "uv": [ 5, 1, 6, 2 ], "texture": "#branchFront" }
    }
},
{
    "from": [ 20, 14, 9 ],
    "to": [ 21, 15, 10 ],
    "faces": {
        "up":    { "uv": [ 5, 9, 6, 10 ], "texture": "#branchTop" },
        "north": { "uv": [ 10, 1, 11, 2 ], "texture": "#branchSide" },
        "south": { "uv": [ 5, 1, 6, 2 ], "texture": "#branchSide" },
        "west":  { "uv": [ 9, 1, 10, 2 ], "texture": "#branchFront" },
        "east":  { "uv": [ 6, 1, 7, 2 ], "texture": "#branchFront" }
    }
},
{
    "from": [ 22, 14, 7 ],
    "to": [ 24, 15, 9 ],
    "faces": {
        "up":    { "uv": [ 7, 7, 9, 9 ], "texture": "#branchTop" },
        "north": { "uv": [ 9, 1, 7, 2 ], "texture": "#branchSide" },
        "south": { "uv": [ 10, 1, 12, 2 ], "texture": "#branchSide" },
        "west":  { "uv": [ 7, 1, 9, 2 ], "texture": "#branchFront" },
        "east":  { "uv": [ 10, 1, 12, 2 ], "texture": "#branchFront" }
    }
},
{
    "from": [ 21, 11, 12 ],
    "to": [ 22, 12, 13 ],
    "faces": {
        "down":  { "uv": [ 3, 12, 4, 13 ], "texture": "#branchBottom" },
        "up":    { "uv": [ 3, 12, 4, 13 ], "texture": "#branchBottom" },
        "south": { "uv": [ 6, 4, 7, 5 ], "texture": "#branchSide" },
        "west":  { "uv": [ 12, 4, 13, 5 ], "texture": "#branchFront" },
        "east":  { "uv": [ 3, 4, 4, 5 ], "texture": "#branchFront" }
    }
},
{
    "from": [ 24, 12, 12 ],
    "to": [ 25, 13, 13 ],
    "faces": {
        "down":  { "uv": [ 3, 12, 4, 13 ], "texture": "#branchBottom" },
        "up":    { "uv": [ 3, 12, 4, 13 ], "texture": "#branchBottom" },
        "south": { "uv": [ 9, 3, 10, 4 ], "texture": "#branchSide" },
        "west":  { "uv": [ 12, 3, 13, 4 ], "texture": "#branchFront" },
        "east":  { "uv": [ 3, 3, 4, 4 ], "texture": "#branchFront" }
    }
},
{
    "from": [ 24, 10, 12 ],
    "to": [ 25, 11, 13 ],
    "faces": {
        "down":  { "uv": [ 12, 5, 13, 6 ], "texture": "#branchBottom" },
        "up":    { "uv": [ 12, 5, 13, 6 ], "texture": "#branchBottom" },
        "south": { "uv": [ 9, 5, 10, 6 ], "texture": "#branchSide" },
        "west":  { "uv": [ 12, 5, 13, 6 ], "texture": "#branchFront" },
        "east":  { "uv": [ 3, 5, 4, 6 ], "texture": "#branchFront" }
    }
},
{
    "from": [ 21, 9, 12 ],
    "to": [ 22, 10, 13 ],
    "faces": {
        "down":  { "uv": [ 12, 6, 13, 7 ], "texture": "#branchBottom" },
        "up":    { "uv": [ 12, 6, 13, 7 ], "texture": "#branchBottom" },
        "south": { "uv": [ 6, 6, 7, 7 ], "texture": "#branchSide" },
        "west":  { "uv": [ 12, 6, 13, 7 ], "texture": "#branchFront" },
        "east":  { "uv": [ 3, 6, 4, 7 ], "texture": "#branchFront" }
    }
},
{
    "from": [ 24, 8, 12 ],
    "to": [ 25, 9, 13 ],
    "faces": {
        "down":  { "uv": [ 12, 7, 13, 8 ], "texture": "#branchBottom" },
        "up":    { "uv": [ 12, 7, 13, 8 ], "texture": "#branchBottom" },
        "south": { "uv": [ 9, 7, 10, 8 ], "texture": "#branchSide" },
        "west":  { "uv": [ 12, 7, 13, 8 ], "texture": "#branchFront" },
        "east":  { "uv": [ 3, 7, 4, 8 ], "texture": "#branchFront" }
    }
},
{
    "from": [ 20, 7, 12 ],
    "to": [ 21, 8, 13 ],
    "faces": {
        "down":  { "uv": [ 12, 8, 13, 9 ], "texture": "#branchBottom" },
        "up":    { "uv": [ 12, 8, 13, 9 ], "texture": "#branchBottom" },
        "south": { "uv": [ 5, 8, 6, 9 ], "texture": "#branchSide" },
        "west":  { "uv": [ 12, 8, 13, 9 ], "texture": "#branchFront" },
        "east":  { "uv": [ 3, 8, 4, 9 ], "texture": "#branchFront" }
    }
},
{
    "from": [ 18, 7, 12 ],
    "to": [ 19, 8, 13 ],
    "faces": {
        "down":  { "uv": [ 12, 8, 13, 9 ], "texture": "#branchBottom" },
        "up":    { "uv": [ 12, 8, 13, 9 ], "texture": "#branchBottom" },
        "south": { "uv": [ 3, 8, 4, 9 ], "texture": "#branchSide" },
        "west":  { "uv": [ 12, 8, 13, 9 ], "texture": "#branchFront" },
        "east":  { "uv": [ 3, 8, 4, 9 ], "texture": "#branchFront" }
    }
},
{
    "from": [ 19, 4, 12 ],
    "to": [ 20, 5, 13 ],
    "faces": {
        "down":  { "uv": [ 12, 11, 13, 12 ], "texture": "#branchBottom" },
        "up":    { "uv": [ 12, 11, 13, 12 ], "texture": "#branchBottom" },
        "south": { "uv": [ 4, 11, 5, 12 ], "texture": "#branchSide" },
        "west":  { "uv": [ 12, 11, 13, 12 ], "texture": "#branchFront" },
        "east":  { "uv": [ 3, 11, 4, 12 ], "texture": "#branchFront" }
    }
},
{
    "from": [ 17, 4, 12 ],
    "to": [ 18, 5, 13 ],
    "faces": {
        "down":  { "uv": [ 12, 11, 13, 12 ], "texture": "#branchBottom" },
        "up":    { "uv": [ 12, 11, 13, 12 ], "texture": "#branchBottom" },
        "south": { "uv": [ 2, 11, 3, 12 ], "texture": "#branchSide" },
        "west":  { "uv": [ 12, 11, 13, 12 ], "texture": "#branchFront" },
        "east":  { "uv": [ 3, 11, 4, 12 ], "texture": "#branchFront" }
    }
},
{
    "from": [ 21, 4, 12 ],
    "to": [ 22, 5, 13 ],
    "faces": {
        "down":  { "uv": [ 12, 11, 13, 12 ], "texture": "#branchBottom" },
        "up":    { "uv": [ 12, 11, 13, 12 ], "texture": "#branchBottom" },
        "south": { "uv": [ 6, 11, 7, 12 ], "texture": "#branchSide" },
        "west":  { "uv": [ 12, 11, 13, 12 ], "texture": "#branchFront" },
        "east":  { "uv": [ 3, 11, 4, 12 ], "texture": "#branchFront" }
    }
},
{
    "from": [ 23, 4, 12 ],
    "to": [ 24, 5, 13 ],
    "faces": {
        "down":  { "uv": [ 12, 11, 13, 12 ], "texture": "#branchBottom" },
        "up":    { "uv": [ 12, 11, 13, 12 ], "texture": "#branchBottom" },
        "south": { "uv": [ 8, 11, 9, 12 ], "texture": "#branchSide" },
        "west":  { "uv": [ 12, 11, 13, 12 ], "texture": "#branchFront" },
        "east":  { "uv": [ 3, 11, 4, 12 ], "texture": "#branchFront" }
    }
},
{
    "from": [ 24, 6, 12 ],
    "to": [ 25, 7, 13 ],
    "faces": {
        "down":  { "uv": [ 12, 9, 13, 10 ], "texture": "#branchBottom" },
        "up":    { "uv": [ 12, 9, 13, 10 ], "texture": "#branchBottom" },
        "south": { "uv": [ 9, 9, 10, 10 ], "texture": "#branchSide" },
        "west":  { "uv": [ 12, 9, 13, 10 ], "texture": "#branchFront" },
        "east":  { "uv": [ 3, 9, 4, 10 ], "texture": "#branchFront" }
    }
}
]
}