{
"__comment": "Designed by Delocuro with BDcraft Cubik PRO 0.85 Beta - http://bdcraft.net",
"textures": {
    "particle": "blocks/crafting_table_front",
    "front": "blocks/crafting_table_front",
    "side": "blocks/crafting_table_side",
    "top": "blocks/crafting_table_top",
    "bottom": "blocks/crafting_table_bottom"
},
"elements": [ 
{
    "__comment": "Base",
    "from": [ 0, 0, 0 ],
    "to": [ 16, 16, 16 ],
    "faces": {
        "down":  { "uv": [ 0, 16, 16, 0 ], "texture": "#bottom" },
        "up":    { "uv": [ 0, 0, 16, 16 ], "texture": "#top" },
        "north": { "uv": [ 0, 0, 16, 16 ], "texture": "#front" },
        "south": { "uv": [ 0, 0, 16, 16 ], "texture": "#front" },
        "west":  { "uv": [ 0, 0, 16, 16 ], "texture": "#side" },
        "east":  { "uv": [ 0, 0, 16, 16 ], "texture": "#side" }
    }
},
{
    "from": [ 16, 6, 12 ],
    "to": [ 17, 8, 13 ],
    "faces": {
        "down":  { "uv": [ 3, 10, 4, 9 ], "texture": "#side" },
        "up":    { "uv": [ 3, 8, 4, 9 ], "texture": "#side" },
        "north": { "uv": [ 3, 8, 4, 10 ], "texture": "#side" },
        "south": { "uv": [ 3, 8, 4, 10 ], "texture": "#side" },
        "east":  { "uv": [ 3, 8, 4, 10 ], "texture": "#side" }
    }
},
{
    "from": [ 16, 6, 10 ],
    "to": [ 17, 8, 11 ],
    "faces": {
        "down":  { "uv": [ 5, 10, 6, 9 ], "texture": "#side" },
        "up":    { "uv": [ 5, 8, 6, 9 ], "texture": "#side" },
        "north": { "uv": [ 5, 8, 6, 10 ], "texture": "#side" },
        "south": { "uv": [ 5, 8, 6, 10 ], "texture": "#side" },
        "east":  { "uv": [ 5, 8, 6, 10 ], "texture": "#side" }
    }
},
{
    "from": [ 16, 8, 11 ],
    "to": [ 17, 9, 12 ],
    "faces": {
        "down":  { "uv": [ 4, 8, 5, 7 ], "texture": "#side" },
        "up":    { "uv": [ 4, 7, 5, 8 ], "texture": "#side" },
        "north": { "uv": [ 4, 7, 5, 8 ], "texture": "#side" },
        "south": { "uv": [ 4, 7, 5, 8 ], "texture": "#side" },
        "east":  { "uv": [ 4, 7, 5, 8 ], "texture": "#side" }
    }
},
{
    "from": [ 16, 9, 10 ],
    "to": [ 17, 11, 11 ],
    "faces": {
        "down":  { "uv": [ 5, 7, 6, 6 ], "texture": "#side" },
        "up":    { "uv": [ 5, 5, 6, 6 ], "texture": "#side" },
        "north": { "uv": [ 5, 5, 6, 7 ], "texture": "#side" },
        "south": { "uv": [ 5, 5, 6, 7 ], "texture": "#side" },
        "east":  { "uv": [ 5, 5, 6, 7 ], "texture": "#side" }
    }
},
{
    "from": [ 16, 9, 12 ],
    "to": [ 17, 11, 13 ],
    "faces": {
        "down":  { "uv": [ 3, 7, 4, 6 ], "texture": "#side" },
        "up":    { "uv": [ 3, 5, 4, 6 ], "texture": "#side" },
        "north": { "uv": [ 3, 5, 4, 7 ], "texture": "#side" },
        "south": { "uv": [ 3, 5, 4, 7 ], "texture": "#side" },
        "east":  { "uv": [ 3, 5, 4, 7 ], "texture": "#side" }
    }
},
{
    "from": [ -1, 6, 5 ],
    "to": [ 0, 8, 6 ],
    "faces": {
        "down":  { "uv": [ 5, 10, 6, 9 ], "texture": "#side" },
        "up":    { "uv": [ 5, 8, 6, 9 ], "texture": "#side" },
        "north": { "uv": [ 5, 8, 6, 10 ], "texture": "#side" },
        "south": { "uv": [ 5, 8, 6, 10 ], "texture": "#side" },
        "west":  { "uv": [ 5, 8, 6, 10 ], "texture": "#side" }
    }
},
{
    "from": [ -1, 6, 3 ],
    "to": [ 0, 8, 4 ],
    "faces": {
        "down":  { "uv": [ 3, 10, 4, 9 ], "texture": "#side" },
        "up":    { "uv": [ 3, 8, 4, 9 ], "texture": "#side" },
        "north": { "uv": [ 3, 8, 4, 10 ], "texture": "#side" },
        "south": { "uv": [ 3, 8, 4, 10 ], "texture": "#side" },
        "west":  { "uv": [ 3, 8, 4, 10 ], "texture": "#side" }
    }
},
{
    "from": [ -1, 8, 4 ],
    "to": [ 0, 9, 5 ],
    "faces": {
        "down":  { "uv": [ 4, 8, 5, 7 ], "texture": "#side" },
        "up":    { "uv": [ 4, 7, 5, 8 ], "texture": "#side" },
        "north": { "uv": [ 4, 7, 5, 8 ], "texture": "#side" },
        "south": { "uv": [ 4, 7, 5, 8 ], "texture": "#side" },
        "west":  { "uv": [ 4, 7, 5, 8 ], "texture": "#side" }
    }
},
{
    "from": [ -1, 9, 5 ],
    "to": [ 0, 11, 6 ],
    "faces": {
        "down":  { "uv": [ 5, 6, 6, 5 ], "texture": "#side" },
        "up":    { "uv": [ 5, 5, 6, 6 ], "texture": "#side" },
        "north": { "uv": [ 5, 5, 6, 7 ], "texture": "#side" },
        "south": { "uv": [ 5, 5, 6, 7 ], "texture": "#side" },
        "west":  { "uv": [ 5, 5, 6, 7 ], "texture": "#side" }
    }
},
{
    "from": [ -1, 9, 3 ],
    "to": [ 0, 11, 4 ],
    "faces": {
        "down":  { "uv": [ 3, 7, 4, 6 ], "texture": "#side" },
        "up":    { "uv": [ 3, 5, 4, 6 ], "texture": "#side" },
        "north": { "uv": [ 3, 5, 4, 7 ], "texture": "#side" },
        "south": { "uv": [ 3, 5, 4, 7 ], "texture": "#side" },
        "west":  { "uv": [ 3, 5, 4, 7 ], "texture": "#side" }
    }
},
{
    "from": [ 2, 3, -1 ],
    "to": [ 3, 5, 0 ],
    "faces": {
        "down":  { "uv": [ 13, 12, 14, 13 ], "texture": "#front" },
        "north": { "uv": [ 13, 11, 14, 13 ], "texture": "#front" },
        "west":  { "uv": [ 13, 11, 14, 13 ], "texture": "#front" },
        "east":  { "uv": [ 13, 11, 14, 13 ], "texture": "#front" }
    }
},
{
    "from": [ 2, 5, -1 ],
    "to": [ 4, 8, 0 ],
    "faces": {
        "down":  { "uv": [ 12, 10, 14, 11 ], "texture": "#front" },
        "north": { "uv": [ 12, 8, 14, 11 ], "texture": "#front" },
        "west":  { "uv": [ 12, 8, 13, 11 ], "texture": "#front" },
        "east":  { "uv": [ 13, 8, 14, 11 ], "texture": "#front" }
    }
},
{
    "from": [ 2, 8, -1 ],
    "to": [ 5, 11, 0 ],
    "faces": {
        "down":  { "uv": [ 11, 7, 14, 8 ], "texture": "#front" },
        "up":    { "uv": [ 11, 5, 14, 6 ], "texture": "#front" },
        "north": { "uv": [ 11, 5, 14, 8 ], "texture": "#front" },
        "west":  { "uv": [ 11, 5, 12, 8 ], "texture": "#front" },
        "east":  { "uv": [ 13, 5, 14, 8 ], "texture": "#front" }
    }
},
{
    "from": [ 4, 11, -1 ],
    "to": [ 5, 12, 0 ],
    "faces": {
        "north": { "uv": [ 11, 4, 12, 5 ], "texture": "#front" },
        "west":  { "uv": [ 11, 4, 12, 5 ], "texture": "#front" },
        "east":  { "uv": [ 11, 4, 12, 5 ], "texture": "#front" }
    }
},
{
    "from": [ 2, 11, -1 ],
    "to": [ 3, 12, 0 ],
    "faces": {
        "north": { "uv": [ 13, 4, 14, 5 ], "texture": "#front" },
        "west":  { "uv": [ 13, 4, 14, 5 ], "texture": "#front" },
        "east":  { "uv": [ 13, 4, 14, 5 ], "texture": "#front" }
    }
},
{
    "from": [ 2, 12, -1 ],
    "to": [ 5, 13, 0 ],
    "faces": {
        "down":  { "uv": [ 11, 3, 14, 4 ], "texture": "#front" },
        "up":    { "uv": [ 11, 3, 14, 4 ], "texture": "#front" },
        "north": { "uv": [ 11, 3, 14, 4 ], "texture": "#front" },
        "west":  { "uv": [ 11, 3, 12, 4 ], "texture": "#front" },
        "east":  { "uv": [ 11, 3, 12, 4 ], "texture": "#front" }
    }
},
{
    "from": [ 11, 5, -1 ],
    "to": [ 12, 8, 0 ],
    "faces": {
        "down":  { "uv": [ 4, 10, 5, 11 ], "texture": "#front" },
        "up":    { "uv": [ 4, 8, 5, 9 ], "texture": "#front" },
        "north": { "uv": [ 4, 8, 5, 11 ], "texture": "#front" },
        "west":  { "uv": [ 4, 8, 5, 11 ], "texture": "#front" },
        "east":  { "uv": [ 4, 8, 5, 11 ], "texture": "#front" }
    }
},
{
    "from": [ 12, 6, -1 ],
    "to": [ 14, 7, 0 ],
    "faces": {
        "down":  { "uv": [ 2, 9, 4, 10 ], "texture": "#front" },
        "up":    { "uv": [ 2, 9, 4, 10 ], "texture": "#front" },
        "north": { "uv": [ 2, 9, 4, 10 ], "texture": "#front" },
        "east":  { "uv": [ 3, 9, 4, 10 ], "texture": "#front" }
    }
},
{
    "from": [ 12, 7, -1 ],
    "to": [ 13, 11, 0 ],
    "faces": {
        "up":    { "uv": [ 3, 5, 4, 6 ], "texture": "#front" },
        "north": { "uv": [ 3, 5, 4, 9 ], "texture": "#front" },
        "west":  { "uv": [ 3, 5, 4, 9 ], "texture": "#front" },
        "east":  { "uv": [ 3, 5, 4, 9 ], "texture": "#front" }
    }
},
{
    "from": [ 13, 3, 16 ],
    "to": [ 14, 5, 17 ],
    "faces": {
        "down":  { "uv": [ 13, 12, 14, 13 ], "texture": "#front" },
        "south": { "uv": [ 13, 11, 14, 13 ], "texture": "#front" },
        "west":  { "uv": [ 13, 11, 14, 13 ], "texture": "#front" },
        "east":  { "uv": [ 13, 11, 14, 13 ], "texture": "#front" }
    }
},
{
    "from": [ 12, 5, 16 ],
    "to": [ 14, 8, 17 ],
    "faces": {
        "down":  { "uv": [ 12, 10, 14, 11 ], "texture": "#front" },
        "south": { "uv": [ 12, 8, 14, 11 ], "texture": "#front" },
        "west":  { "uv": [ 12, 8, 13, 11 ], "texture": "#front" },
        "east":  { "uv": [ 13, 8, 14, 11 ], "texture": "#front" }
    }
},
{
    "from": [ 11, 8, 16 ],
    "to": [ 14, 11, 17 ],
    "faces": {
        "down":  { "uv": [ 11, 7, 14, 8 ], "texture": "#front" },
        "up":    { "uv": [ 11, 5, 14, 6 ], "texture": "#front" },
        "south": { "uv": [ 11, 5, 14, 8 ], "texture": "#front" },
        "west":  { "uv": [ 11, 5, 12, 8 ], "texture": "#front" },
        "east":  { "uv": [ 13, 5, 14, 8 ], "texture": "#front" }
    }
},
{
    "from": [ 13, 11, 16 ],
    "to": [ 14, 12, 17 ],
    "faces": {
        "south": { "uv": [ 13, 4, 14, 5 ], "texture": "#front" },
        "west":  { "uv": [ 13, 4, 14, 5 ], "texture": "#front" },
        "east":  { "uv": [ 13, 4, 14, 5 ], "texture": "#front" }
    }
},
{
    "from": [ 11, 11, 16 ],
    "to": [ 12, 12, 17 ],
    "faces": {
        "south": { "uv": [ 11, 4, 12, 5 ], "texture": "#front" },
        "west":  { "uv": [ 11, 4, 12, 5 ], "texture": "#front" },
        "east":  { "uv": [ 11, 4, 12, 5 ], "texture": "#front" }
    }
},
{
    "from": [ 11, 12, 16 ],
    "to": [ 14, 13, 17 ],
    "faces": {
        "down":  { "uv": [ 11, 3, 14, 4 ], "texture": "#front" },
        "up":    { "uv": [ 11, 3, 14, 4 ], "texture": "#front" },
        "south": { "uv": [ 11, 3, 14, 4 ], "texture": "#front" },
        "west":  { "uv": [ 11, 3, 12, 4 ], "texture": "#front" },
        "east":  { "uv": [ 13, 3, 14, 4 ], "texture": "#front" }
    }
},
{
    "from": [ 4, 5, 16 ],
    "to": [ 5, 8, 17 ],
    "faces": {
        "down":  { "uv": [ 4, 10, 5, 11 ], "texture": "#front" },
        "up":    { "uv": [ 4, 8, 5, 9 ], "texture": "#front" },
        "south": { "uv": [ 4, 8, 5, 11 ], "texture": "#front" },
        "west":  { "uv": [ 4, 8, 5, 11 ], "texture": "#front" },
        "east":  { "uv": [ 4, 8, 5, 11 ], "texture": "#front" }
    }
},
{
    "from": [ 2, 6, 16 ],
    "to": [ 4, 7, 17 ],
    "faces": {
        "down":  { "uv": [ 2, 9, 4, 10 ], "texture": "#front" },
        "up":    { "uv": [ 2, 9, 4, 10 ], "texture": "#front" },
        "south": { "uv": [ 2, 9, 4, 10 ], "texture": "#front" },
        "west":  { "uv": [ 2, 9, 3, 10 ], "texture": "#front" }
    }
},
{
    "from": [ 3, 7, 16 ],
    "to": [ 4, 11, 17 ],
    "faces": {
        "up":    { "uv": [ 3, 5, 4, 6 ], "texture": "#front" },
        "south": { "uv": [ 3, 5, 4, 9 ], "texture": "#front" },
        "west":  { "uv": [ 3, 5, 4, 9 ], "texture": "#front" },
        "east":  { "uv": [ 3, 5, 4, 9 ], "texture": "#front" }
    }
}
]
}