{
"__comment": "Designed by Delocuro with BDcraft Cubik PRO 0.85 Beta - http://bdcraft.net",
"textures": {
    "particle": "blocks/daylight_detector_inverted_top",
    "side": "blocks/daylight_detector_side",
    "top": "blocks/daylight_detector_inverted_top"
},
"elements": [ 
{
    "from": [ 10, 5, 1 ],
    "to": [ 11, 6, 15 ],
    "faces": {
        "down":  { "uv": [ 10, 15, 11, 1 ], "texture": "#side" },
        "up":    { "uv": [ 10, 1, 11, 15 ], "texture": "#side" },
        "west":  { "uv": [ 1, 10, 15, 11 ], "texture": "#side" },
        "east":  { "uv": [ 1, 10, 15, 11 ], "texture": "#side" }
    }
},
{
    "from": [ 5, 5, 1 ],
    "to": [ 6, 6, 15 ],
    "faces": {
        "down":  { "uv": [ 5, 15, 6, 1 ], "texture": "#side" },
        "up":    { "uv": [ 5, 1, 6, 15 ], "texture": "#side" },
        "west":  { "uv": [ 1, 10, 15, 11 ], "texture": "#side" },
        "east":  { "uv": [ 1, 10, 15, 11 ], "texture": "#side" }
    }
},
{
    "from": [ 1, 5, 10 ],
    "to": [ 15, 6, 11 ],
    "faces": {
        "down":  { "uv": [ 1, 11, 15, 10 ], "texture": "#side" },
        "up":    { "uv": [ 1, 10, 15, 11 ], "texture": "#side" },
        "north": { "uv": [ 1, 10, 15, 11 ], "texture": "#side" },
        "south": { "uv": [ 1, 10, 15, 11 ], "texture": "#side" }
    }
},
{
    "from": [ 1, 5, 5 ],
    "to": [ 15, 6, 6 ],
    "faces": {
        "down":  { "uv": [ 1, 6, 15, 5 ], "texture": "#side" },
        "up":    { "uv": [ 1, 5, 15, 6 ], "texture": "#side" },
        "north": { "uv": [ 1, 10, 15, 11 ], "texture": "#side" },
        "south": { "uv": [ 1, 10, 15, 11 ], "texture": "#side" }
    }
},
{
    "from": [ 15, 5, 0 ],
    "to": [ 16, 6, 16 ],
    "faces": {
        "down":  { "uv": [ 15, 16, 16, 0 ], "texture": "#side" },
        "up":    { "uv": [ 15, 0, 16, 16 ], "texture": "#side" },
        "north": { "uv": [ 0, 10, 1, 11 ], "texture": "#side" },
        "south": { "uv": [ 15, 10, 16, 11 ], "texture": "#side" },
        "west":  { "uv": [ 0, 10, 16, 11 ], "texture": "#side" },
        "east":  { "uv": [ 0, 10, 16, 11 ], "texture": "#side" }
    }
},
{
    "from": [ 0, 5, 15 ],
    "to": [ 16, 6, 16 ],
    "faces": {
        "down":  { "uv": [ 0, 16, 16, 15 ], "texture": "#side" },
        "up":    { "uv": [ 0, 15, 16, 16 ], "texture": "#side" },
        "north": { "uv": [ 0, 10, 16, 11 ], "texture": "#side" },
        "south": { "uv": [ 0, 10, 16, 11 ], "texture": "#side" },
        "west":  { "uv": [ 15, 10, 16, 11 ], "texture": "#side" },
        "east":  { "uv": [ 0, 10, 1, 11 ], "texture": "#side" }
    }
},
{
    "from": [ 0, 5, 0 ],
    "to": [ 1, 6, 16 ],
    "faces": {
        "down":  { "uv": [ 0, 16, 1, 0 ], "texture": "#side" },
        "up":    { "uv": [ 0, 0, 1, 16 ], "texture": "#side" },
        "north": { "uv": [ 15, 10, 16, 11 ], "texture": "#side" },
        "south": { "uv": [ 0, 10, 1, 11 ], "texture": "#side" },
        "west":  { "uv": [ 0, 10, 16, 11 ], "texture": "#side" },
        "east":  { "uv": [ 0, 10, 16, 11 ], "texture": "#side" }
    }
},
{
    "from": [ 0, 5, 0 ],
    "to": [ 16, 6, 1 ],
    "faces": {
        "down":  { "uv": [ 0, 1, 16, 0 ], "texture": "#side" },
        "up":    { "uv": [ 0, 0, 16, 1 ], "texture": "#side" },
        "north": { "uv": [ 0, 10, 16, 11 ], "texture": "#side" },
        "south": { "uv": [ 0, 10, 16, 11 ], "texture": "#side" },
        "west":  { "uv": [ 0, 10, 1, 11 ], "texture": "#side" },
        "east":  { "uv": [ 15, 10, 16, 11 ], "texture": "#side" }
    }
},
{
    "from": [ 0, 0, 0 ],
    "to": [ 16, 5.5, 16 ],
    "faces": {
        "down":  { "uv": [ 0, 16, 16, 0 ], "texture": "#side" },
        "up":    { "uv": [ 0, 0, 16, 16 ], "texture": "#top" },
        "north": { "uv": [ 0, 10.5, 16, 16 ], "texture": "#side" },
        "south": { "uv": [ 0, 10.5, 16, 16 ], "texture": "#side" },
        "west":  { "uv": [ 0, 10.5, 16, 16 ], "texture": "#side" },
        "east":  { "uv": [ 0, 10.5, 16, 16 ], "texture": "#side" }
    }
}
]
}