{
"__comment": "Designed by Delocuro with BDcraft Cubik PRO 0.85 Beta - http://bdcraft.net",
"textures": {
    "particle": "blocks/daylight_detector_top",
    "side": "blocks/daylight_detector_side",
    "top": "blocks/daylight_detector_top"
},
"elements": [ 
{
    "from": [ 11, 5.5, 11 ],
    "to": [ 15, 6.5, 15 ],
    "faces": {
        "down":  { "uv": [ 11, 15, 15, 11 ], "texture": "#top" },
        "up":    { "uv": [ 11, 11, 15, 15 ], "texture": "#top" },
        "north": { "uv": [ 15, 12, 11, 11 ], "texture": "#top" },
        "south": { "uv": [ 11, 14, 15, 15 ], "texture": "#top" },
        "west":  { "uv": [ 12, 15, 11, 11 ], "rotation": 90, "texture": "#top" },
        "east":  { "uv": [ 14, 11, 15, 15 ], "rotation": 90, "texture": "#top" }
    }
},
{
    "from": [ 6, 5.5, 11 ],
    "to": [ 10, 6.5, 15 ],
    "faces": {
        "down":  { "uv": [ 6, 15, 10, 11 ], "texture": "#top" },
        "up":    { "uv": [ 6, 11, 10, 15 ], "texture": "#top" },
        "north": { "uv": [ 10, 12, 6, 11 ], "texture": "#top" },
        "south": { "uv": [ 6, 14, 10, 15 ], "texture": "#top" },
        "west":  { "uv": [ 7, 15, 6, 11 ], "rotation": 90, "texture": "#top" },
        "east":  { "uv": [ 9, 11, 10, 15 ], "rotation": 90, "texture": "#top" }
    }
},
{
    "from": [ 1, 5.5, 11 ],
    "to": [ 5, 6.5, 15 ],
    "faces": {
        "down":  { "uv": [ 1, 15, 5, 11 ], "texture": "#top" },
        "up":    { "uv": [ 1, 11, 5, 15 ], "texture": "#top" },
        "north": { "uv": [ 5, 12, 1, 11 ], "texture": "#top" },
        "south": { "uv": [ 1, 14, 5, 15 ], "texture": "#top" },
        "west":  { "uv": [ 2, 15, 1, 11 ], "rotation": 90, "texture": "#top" },
        "east":  { "uv": [ 4, 11, 5, 15 ], "rotation": 90, "texture": "#top" }
    }
},
{
    "from": [ 1, 5.5, 6 ],
    "to": [ 5, 6.5, 10 ],
    "faces": {
        "down":  { "uv": [ 1, 10, 5, 6 ], "texture": "#top" },
        "up":    { "uv": [ 1, 6, 5, 10 ], "texture": "#top" },
        "north": { "uv": [ 5, 7, 1, 6 ], "texture": "#top" },
        "south": { "uv": [ 1, 9, 5, 10 ], "texture": "#top" },
        "west":  { "uv": [ 2, 10, 1, 6 ], "rotation": 90, "texture": "#top" },
        "east":  { "uv": [ 4, 6, 5, 10 ], "rotation": 90, "texture": "#top" }
    }
},
{
    "from": [ 11, 5.5, 6 ],
    "to": [ 15, 6.5, 10 ],
    "faces": {
        "down":  { "uv": [ 11, 10, 15, 6 ], "texture": "#top" },
        "up":    { "uv": [ 11, 6, 15, 10 ], "texture": "#top" },
        "north": { "uv": [ 15, 7, 11, 6 ], "texture": "#top" },
        "south": { "uv": [ 11, 9, 15, 10 ], "texture": "#top" },
        "west":  { "uv": [ 12, 10, 11, 6 ], "rotation": 90, "texture": "#top" },
        "east":  { "uv": [ 14, 6, 15, 10 ], "rotation": 90, "texture": "#top" }
    }
},
{
    "from": [ 6, 5.5, 6 ],
    "to": [ 10, 6.5, 10 ],
    "faces": {
        "down":  { "uv": [ 6, 10, 10, 6 ], "texture": "#top" },
        "up":    { "uv": [ 6, 6, 10, 10 ], "texture": "#top" },
        "north": { "uv": [ 10, 7, 6, 6 ], "texture": "#top" },
        "south": { "uv": [ 6, 9, 10, 10 ], "texture": "#top" },
        "west":  { "uv": [ 7, 10, 6, 6 ], "rotation": 90, "texture": "#top" },
        "east":  { "uv": [ 9, 6, 10, 10 ], "rotation": 90, "texture": "#top" }
    }
},
{
    "from": [ 11, 5.5, 1 ],
    "to": [ 15, 6.5, 5 ],
    "faces": {
        "down":  { "uv": [ 11, 5, 15, 1 ], "texture": "#top" },
        "up":    { "uv": [ 11, 1, 15, 5 ], "texture": "#top" },
        "north": { "uv": [ 15, 2, 11, 1 ], "texture": "#top" },
        "south": { "uv": [ 11, 4, 15, 5 ], "texture": "#top" },
        "west":  { "uv": [ 12, 5, 11, 1 ], "rotation": 90, "texture": "#top" },
        "east":  { "uv": [ 14, 1, 15, 5 ], "rotation": 90, "texture": "#top" }
    }
},
{
    "from": [ 6, 5.5, 1 ],
    "to": [ 10, 6.5, 5 ],
    "faces": {
        "down":  { "uv": [ 6, 5, 10, 1 ], "texture": "#top" },
        "up":    { "uv": [ 6, 1, 10, 5 ], "texture": "#top" },
        "north": { "uv": [ 10, 2, 6, 1 ], "texture": "#top" },
        "south": { "uv": [ 6, 4, 10, 5 ], "texture": "#top" },
        "west":  { "uv": [ 7, 5, 6, 1 ], "rotation": 90, "texture": "#top" },
        "east":  { "uv": [ 9, 1, 10, 5 ], "rotation": 90, "texture": "#top" }
    }
},
{
    "from": [ 1, 5.5, 1 ],
    "to": [ 5, 6.5, 5 ],
    "faces": {
        "down":  { "uv": [ 1, 5, 5, 1 ], "texture": "#top" },
        "up":    { "uv": [ 1, 1, 5, 5 ], "texture": "#top" },
        "north": { "uv": [ 5, 2, 1, 1 ], "texture": "#top" },
        "south": { "uv": [ 1, 4, 5, 5 ], "texture": "#top" },
        "west":  { "uv": [ 2, 5, 1, 1 ], "rotation": 90, "texture": "#top" },
        "east":  { "uv": [ 4, 1, 5, 5 ], "rotation": 90, "texture": "#top" }
    }
},
{
    "from": [ 0, 0, 0 ],
    "to": [ 16, 6, 16 ],
    "faces": {
        "down":  { "uv": [ 0, 16, 16, 0 ], "texture": "#side" },
        "up":    { "uv": [ 0, 0, 16, 16 ], "texture": "#top" },
        "north": { "uv": [ 0, 10, 16, 16 ], "texture": "#side" },
        "south": { "uv": [ 0, 10, 16, 16 ], "texture": "#side" },
        "west":  { "uv": [ 0, 10, 16, 16 ], "texture": "#side" },
        "east":  { "uv": [ 0, 10, 16, 16 ], "texture": "#side" }
    }
}
]
}