{
"__comment": "Designed by Delocuro with BDcraft Cubik PRO 0.85 Beta - http://bdcraft.net",
"textures": {
    "particle": "blocks/rail_detector",
    "texture": "blocks/rail_detector_raised"
},
"elements": [ 
{
    "from": [ 6, 6, 5.5 ],
    "to": [ 10, 7, 10.5 ],
    "rotation": { "origin": [ 6, 7, 5.5 ], "axis": "x", "angle": -45 },
    "faces": {
        "down":  { "uv": [ 7, 3, 9, 5 ], "texture": "#texture" },
        "up":    { "uv": [ 7, 5, 9, 3 ], "texture": "#texture" },
        "north": { "uv": [ 9, 5, 7, 4.5 ], "texture": "#texture" },
        "south": { "uv": [ 7, 3, 9, 3.5 ], "texture": "#texture" },
        "west":  { "uv": [ 8.5, 3, 9, 5 ], "rotation": 90, "texture": "#texture" },
        "east":  { "uv": [ 7.5, 5, 7, 3 ], "rotation": 90, "texture": "#texture" }
    }
},
{
    "from": [ 5, 4.875, 5.125 ],
    "to": [ 11, 5.875, 12.125 ],
    "rotation": { "origin": [ 5, 5.875, 5.125 ], "axis": "x", "angle": -45 },
    "faces": {
        "down":  { "uv": [ 6.5, 2.5, 9.5, 5.5 ], "texture": "#texture" },
        "up":    { "uv": [ 6.5, 5.5, 9.5, 2.5 ], "texture": "#texture" },
        "north": { "uv": [ 6.5, 5, 9.5, 5.5 ], "texture": "#texture" },
        "south": { "uv": [ 6.5, 5, 9.5, 5.5 ], "texture": "#texture" },
        "west":  { "uv": [ 9, 2.5, 9.5, 5.5 ], "rotation": 90, "texture": "#texture" },
        "east":  { "uv": [ 6.5, 2.5, 7, 5.5 ], "rotation": 90, "texture": "#texture" }
    }
},
{
    "from": [ 2, -1, -1 ],
    "to": [ 4, 1, 23 ],
    "rotation": { "origin": [ 2, 1, -1 ], "axis": "x", "angle": -45 },
    "faces": {
        "down":  { "uv": [ 11, 4.5, 10, 16 ], "texture": "#texture" },
        "up":    { "uv": [ 11, 4.5, 10, 16 ], "texture": "#texture" },
        "north": { "uv": [ 10, 0, 11, 1 ], "texture": "#texture" },
        "south": { "uv": [ 5, 0, 6, 1 ], "texture": "#texture" },
        "west":  { "uv": [ 11, 4, 10, 16 ], "rotation": 90, "texture": "#texture" },
        "east":  { "uv": [ 11, 4.5, 10, 16 ], "rotation": 90, "texture": "#texture" }
    }
},
{
    "from": [ 1, 12.5, 13 ],
    "to": [ 15, 13.5, 15 ],
    "rotation": { "origin": [ 1, 13.5, 13 ], "axis": "x", "angle": -45 },
    "faces": {
        "down":  { "uv": [ 4.5, 14.5, 11.5, 15.5 ], "texture": "#texture" },
        "up":    { "uv": [ 4.5, 15.5, 11.5, 14.5 ], "texture": "#texture" },
        "north": { "uv": [ 4.5, 15, 11.5, 15.5 ], "texture": "#texture" },
        "south": { "uv": [ 4.5, 14.5, 11.5, 15 ], "texture": "#texture" },
        "west":  { "uv": [ 11, 4.5, 11.5, 5.5 ], "rotation": 90, "texture": "#texture" },
        "east":  { "uv": [ 4.5, 5.5, 5, 4.5 ], "rotation": 90, "texture": "#texture" }
    }
},
{
    "from": [ 12, -1, -1 ],
    "to": [ 14, 1, 23 ],
    "rotation": { "origin": [ 12, 1, -1 ], "axis": "x", "angle": -45 },
    "faces": {
        "down":  { "uv": [ 6, 4.5, 5, 16 ], "texture": "#texture" },
        "up":    { "uv": [ 6, 4.5, 5, 16 ], "texture": "#texture" },
        "north": { "uv": [ 5, 0, 6, 1 ], "texture": "#texture" },
        "south": { "uv": [ 10, 0, 11, 1 ], "texture": "#texture" },
        "west":  { "uv": [ 5, 4.5, 6, 16 ], "rotation": 90, "texture": "#texture" },
        "east":  { "uv": [ 5, 4.5, 6, 16 ], "rotation": 90, "texture": "#texture" }
    }
},
{
    "from": [ 1, 9.5, 10 ],
    "to": [ 15, 10.5, 12 ],
    "rotation": { "origin": [ 1, 10.5, 10 ], "axis": "x", "angle": -45 },
    "faces": {
        "down":  { "uv": [ 4.5, 6.5, 11.5, 7.5 ], "texture": "#texture" },
        "up":    { "uv": [ 4.5, 7.5, 11.5, 6.5 ], "texture": "#texture" },
        "north": { "uv": [ 4.5, 7, 11.5, 7.5 ], "texture": "#texture" },
        "south": { "uv": [ 4.5, 6.5, 11.5, 7 ], "texture": "#texture" },
        "west":  { "uv": [ 11, 6.5, 11.5, 7.5 ], "rotation": 90, "texture": "#texture" },
        "east":  { "uv": [ 4.5, 7.5, 5, 6.5 ], "rotation": 90, "texture": "#texture" }
    }
},
{
    "from": [ 1, 0.5, 1 ],
    "to": [ 15, 1.5, 3 ],
    "rotation": { "origin": [ 1, 1.5, 1 ], "axis": "x", "angle": -45 },
    "faces": {
        "down":  { "uv": [ 4.5, 12.5, 11.5, 13.5 ], "texture": "#texture" },
        "up":    { "uv": [ 4.5, 13.5, 11.5, 12.5 ], "texture": "#texture" },
        "north": { "uv": [ 4.5, 13, 11.5, 13.5 ], "texture": "#texture" },
        "south": { "uv": [ 4.5, 12.5, 11.5, 13 ], "texture": "#texture" },
        "west":  { "uv": [ 11, 12.5, 11.5, 13.5 ], "rotation": 90, "texture": "#texture" },
        "east":  { "uv": [ 4.5, 13.5, 5, 12.5 ], "rotation": 90, "texture": "#texture" }
    }
},
{
    "from": [ 1, 3.5, 4 ],
    "to": [ 15, 4.5, 6 ],
    "rotation": { "origin": [ 1, 4.5, 4 ], "axis": "x", "angle": -45 },
    "faces": {
        "down":  { "uv": [ 4.5, 10.5, 11.5, 11.5 ], "texture": "#texture" },
        "up":    { "uv": [ 4.5, 11.5, 11.5, 10.5 ], "texture": "#texture" },
        "north": { "uv": [ 4.5, 11, 11.5, 11.5 ], "texture": "#texture" },
        "south": { "uv": [ 4.5, 10.5, 11.5, 11 ], "texture": "#texture" },
        "west":  { "uv": [ 11, 10.5, 11.5, 11.5 ], "rotation": 90, "texture": "#texture" },
        "east":  { "uv": [ 4.5, 11.5, 5, 10.5 ], "rotation": 90, "texture": "#texture" }
    }
},
{
    "from": [ 1, 6.5, 7 ],
    "to": [ 15, 7.5, 9 ],
    "rotation": { "origin": [ 1, 7.5, 7 ], "axis": "x", "angle": -45 },
    "faces": {
        "down":  { "uv": [ 4.5, 8.5, 11.5, 9.5 ], "texture": "#texture" },
        "up":    { "uv": [ 4.5, 9.5, 11.5, 8.5 ], "texture": "#texture" },
        "north": { "uv": [ 4.5, 9, 11.5, 9.5 ], "texture": "#texture" },
        "south": { "uv": [ 4.5, 8.5, 11.5, 9 ], "texture": "#texture" },
        "west":  { "uv": [ 11, 8.5, 11.5, 9.5 ], "rotation": 90, "texture": "#texture" },
        "east":  { "uv": [ 4.5, 9.5, 5, 8.5 ], "rotation": 90, "texture": "#texture" }
    }
}
]
}