{
"__comment": "Designed by Delocuro with BDcraft Cubik PRO 0.85 Beta - http://bdcraft.net",
"textures": {
    "particle": "blocks/furnace_front_off",
    "front": "blocks/furnace_front_on",
    "top": "blocks/furnace_top",
    "side": "blocks/furnace_side"
},
"elements": [ 
{
    "from": [ 3, -0, 15 ],
    "to": [ 13, 0, 16 ],
    "faces": {
        "down":  { "uv": [ 3, 1, 13, 0 ], "texture": "#front" },
        "up":    { "uv": [ 3, 0, 13, 1 ], "texture": "#front" }
    }
},
{
    "from": [ 0, 0, 15 ],
    "to": [ 3, 16, 16 ],
    "faces": {
        "down":  { "uv": [ 0, 16, 3, 15 ], "texture": "#top" },
        "up":    { "uv": [ 0, 15, 3, 16 ], "texture": "#top" },
        "south": { "uv": [ 0, 0, 3, 16 ], "texture": "#front" },
        "west":  { "uv": [ 15, 0, 16, 16 ], "texture": "#side" },
        "east":  { "uv": [ 2, 0, 3, 16 ], "texture": "#front" }
    }
},
{
    "from": [ 3, 12, 15 ],
    "to": [ 13, 16, 16 ],
    "faces": {
        "down":  { "uv": [ 3, 4, 13, 3 ], "texture": "#front" },
        "up":    { "uv": [ 3, 15, 13, 16 ], "texture": "#top" },
        "south": { "uv": [ 3, 0, 13, 4 ], "texture": "#front" }
    }
},
{
    "from": [ 13, 0, 15 ],
    "to": [ 16, 16, 16 ],
    "faces": {
        "down":  { "uv": [ 13, 16, 16, 15 ], "texture": "#top" },
        "up":    { "uv": [ 13, 15, 16, 16 ], "texture": "#top" },
        "south": { "uv": [ 13, 0, 16, 16 ], "texture": "#front" },
        "west":  { "uv": [ 13, 0, 14, 16 ], "texture": "#front" },
        "east":  { "uv": [ 0, 0, 1, 16 ], "texture": "#side" }
    }
},
{
    "from": [ 3, 3, 15 ],
    "to": [ 4, 12, 16 ],
    "faces": {
        "down":  { "uv": [ 3, 13, 4, 12 ], "texture": "#front" },
        "south": { "uv": [ 3, 4, 4, 13 ], "texture": "#front" },
        "east":  { "uv": [ 3, 4, 4, 13 ], "texture": "#front" }
    }
},
{
    "from": [ 4, 4, 15 ],
    "to": [ 6, 5, 16 ],
    "faces": {
        "down":  { "uv": [ 4, 16, 6, 15 ], "texture": "#front" },
        "south": { "uv": [ 4, 11, 6, 12 ], "texture": "#front" },
        "east":  { "uv": [ 0, 11, 1, 12 ], "texture": "#front" }
    }
},
{
    "from": [ 12, 3, 15 ],
    "to": [ 13, 12, 16 ],
    "faces": {
        "down":  { "uv": [ 12, 13, 13, 12 ], "texture": "#front" },
        "south": { "uv": [ 12, 4, 13, 13 ], "texture": "#front" },
        "west":  { "uv": [ 12, 4, 13, 13 ], "texture": "#front" }
    }
},
{
    "from": [ 10, 4, 15 ],
    "to": [ 12, 5, 16 ],
    "faces": {
        "down":  { "uv": [ 10, 16, 12, 15 ], "texture": "#front" },
        "south": { "uv": [ 10, 11, 12, 12 ], "texture": "#front" },
        "west":  { "uv": [ 15, 11, 16, 12 ], "texture": "#front" }
    }
},
{
    "from": [ 0, 0, 0 ],
    "to": [ 16, 16, 15 ],
    "faces": {
        "down":  { "uv": [ 0, 15, 16, 0 ], "texture": "#top" },
        "up":    { "uv": [ 0, 0, 16, 15 ], "texture": "#top" },
        "north": { "uv": [ 0, 0, 16, 16 ], "texture": "#side" },
        "south": { "uv": [ 0, 0, 16, 16 ], "texture": "#front" },
        "west":  { "uv": [ 0, 0, 15, 16 ], "texture": "#side" },
        "east":  { "uv": [ 1, 0, 16, 16 ], "texture": "#side" }
    }
},
{
    "from": [ 4, 11, 15 ],
    "to": [ 5, 12, 16 ],
    "faces": {
        "down":  { "uv": [ 4, 5, 5, 4 ], "texture": "#front" },
        "south": { "uv": [ 4, 4, 5, 5 ], "texture": "#front" },
        "east":  { "uv": [ 4, 4, 5, 5 ], "texture": "#front" }
    }
},
{
    "from": [ 11, 11, 15 ],
    "to": [ 12, 12, 16 ],
    "faces": {
        "down":  { "uv": [ 11, 5, 12, 4 ], "texture": "#front" },
        "south": { "uv": [ 11, 4, 12, 5 ], "texture": "#front" },
        "west":  { "uv": [ 11, 4, 12, 5 ], "texture": "#front" }
    }
},
{
    "from": [ 4, 5, 15 ],
    "to": [ 12, 9, 16 ],
    "faces": {
        "down":  { "uv": [ 4, 11, 12, 10 ], "texture": "#front" },
        "up":    { "uv": [ 4, 7, 12, 8 ], "texture": "#front" },
        "south": { "uv": [ 4, 7, 12, 11 ], "texture": "#front" }
    }
}
]
}