{
"__comment": "Designed by Delocuro with BDcraft Cubik PRO 0.85 Beta - http://bdcraft.net",
"textures": {
    "particle": "blocks/rail_normal_turned",
    "texture": "blocks/rail_normal_turned"
},
"elements": [ 
{
    "from": [ 14, 0, 10 ],
    "to": [ 16, 1, 12 ],
    "faces": {
        "down":  { "uv": [ 14, 12, 16, 10 ], "texture": "#texture" },
        "up":    { "uv": [ 14, 10, 16, 12 ], "texture": "#texture" },
        "north": { "uv": [ 16, 11, 14, 10 ], "texture": "#texture" },
        "west":  { "uv": [ 15, 12, 14, 10 ], "rotation": 90, "texture": "#texture" },
        "east":  { "uv": [ 15, 10, 16, 12 ], "rotation": 90, "texture": "#texture" }
    }
},
{
    "from": [ 13, 0, 7 ],
    "to": [ 15, 1, 10 ],
    "faces": {
        "down":  { "uv": [ 13, 10, 15, 7 ], "texture": "#texture" },
        "up":    { "uv": [ 13, 7, 15, 10 ], "texture": "#texture" },
        "north": { "uv": [ 15, 8, 13, 7 ], "texture": "#texture" },
        "south": { "uv": [ 13, 9, 15, 10 ], "texture": "#texture" },
        "west":  { "uv": [ 14, 10, 13, 7 ], "rotation": 90, "texture": "#texture" },
        "east":  { "uv": [ 14, 7, 15, 10 ], "rotation": 90, "texture": "#texture" }
    }
},
{
    "from": [ 12, 0, 4 ],
    "to": [ 14, 1, 7 ],
    "faces": {
        "down":  { "uv": [ 12, 7, 14, 4 ], "texture": "#texture" },
        "up":    { "uv": [ 12, 4, 14, 7 ], "texture": "#texture" },
        "south": { "uv": [ 12, 6, 14, 7 ], "texture": "#texture" },
        "west":  { "uv": [ 13, 7, 12, 4 ], "rotation": 90, "texture": "#texture" },
        "east":  { "uv": [ 13, 4, 14, 7 ], "rotation": 90, "texture": "#texture" }
    }
},
{
    "from": [ 11, 0, 1 ],
    "to": [ 13, 1, 3 ],
    "faces": {
        "down":  { "uv": [ 11, 3, 13, 1 ], "texture": "#texture" },
        "up":    { "uv": [ 11, 1, 13, 3 ], "texture": "#texture" },
        "north": { "uv": [ 13, 2, 11, 1 ], "texture": "#texture" },
        "south": { "uv": [ 11, 2, 13, 3 ], "texture": "#texture" },
        "west":  { "uv": [ 12, 3, 11, 1 ], "rotation": 90, "texture": "#texture" },
        "east":  { "uv": [ 12, 1, 13, 3 ], "rotation": 90, "texture": "#texture" }
    }
},
{
    "from": [ 12, 0, 12 ],
    "to": [ 14, 1, 14 ],
    "faces": {
        "down":  { "uv": [ 12, 14, 14, 12 ], "texture": "#texture" },
        "up":    { "uv": [ 12, 12, 14, 14 ], "texture": "#texture" },
        "north": { "uv": [ 14, 13, 12, 12 ], "texture": "#texture" },
        "west":  { "uv": [ 14, 14, 12, 13 ], "texture": "#texture" }
    }
},
{
    "from": [ 12, 0, 11 ],
    "to": [ 13, 1, 12 ],
    "faces": {
        "down":  { "uv": [ 12, 12, 13, 11 ], "texture": "#texture" },
        "up":    { "uv": [ 12, 11, 13, 12 ], "texture": "#texture" },
        "north": { "uv": [ 12, 11, 13, 12 ], "texture": "#texture" },
        "east":  { "uv": [ 12, 11, 13, 12 ], "texture": "#texture" }
    }
},
{
    "from": [ 11, 0, 10 ],
    "to": [ 12, 1, 13 ],
    "faces": {
        "down":  { "uv": [ 11, 13, 12, 10 ], "texture": "#texture" },
        "up":    { "uv": [ 11, 10, 12, 13 ], "texture": "#texture" },
        "north": { "uv": [ 11, 10, 12, 11 ], "texture": "#texture" },
        "south": { "uv": [ 11, 12, 12, 13 ], "texture": "#texture" },
        "west":  { "uv": [ 12, 13, 11, 10 ], "rotation": 90, "texture": "#texture" },
        "east":  { "uv": [ 11, 10, 12, 13 ], "rotation": 90, "texture": "#texture" }
    }
},
{
    "from": [ 10, 0, 9 ],
    "to": [ 11, 1, 12 ],
    "faces": {
        "down":  { "uv": [ 10, 12, 11, 9 ], "texture": "#texture" },
        "up":    { "uv": [ 10, 9, 11, 12 ], "texture": "#texture" },
        "north": { "uv": [ 10, 9, 11, 10 ], "texture": "#texture" },
        "south": { "uv": [ 10, 11, 11, 12 ], "texture": "#texture" },
        "west":  { "uv": [ 11, 12, 10, 9 ], "rotation": 90, "texture": "#texture" },
        "east":  { "uv": [ 10, 9, 11, 12 ], "rotation": 90, "texture": "#texture" }
    }
},
{
    "from": [ 9, 0, 8 ],
    "to": [ 10, 1, 11 ],
    "faces": {
        "down":  { "uv": [ 9, 11, 10, 8 ], "texture": "#texture" },
        "up":    { "uv": [ 9, 8, 10, 11 ], "texture": "#texture" },
        "north": { "uv": [ 9, 8, 10, 9 ], "texture": "#texture" },
        "south": { "uv": [ 9, 10, 10, 11 ], "texture": "#texture" },
        "west":  { "uv": [ 10, 11, 9, 8 ], "rotation": 90, "texture": "#texture" },
        "east":  { "uv": [ 9, 8, 10, 11 ], "rotation": 90, "texture": "#texture" }
    }
},
{
    "from": [ 8, 0, 7 ],
    "to": [ 9, 1, 10 ],
    "faces": {
        "down":  { "uv": [ 8, 10, 9, 7 ], "texture": "#texture" },
        "up":    { "uv": [ 8, 7, 9, 10 ], "texture": "#texture" },
        "north": { "uv": [ 8, 7, 9, 8 ], "texture": "#texture" },
        "south": { "uv": [ 8, 9, 9, 10 ], "texture": "#texture" },
        "west":  { "uv": [ 9, 10, 8, 7 ], "rotation": 90, "texture": "#texture" },
        "east":  { "uv": [ 8, 7, 9, 10 ], "rotation": 90, "texture": "#texture" }
    }
},
{
    "from": [ 7, 0, 7 ],
    "to": [ 8, 1, 9 ],
    "faces": {
        "down":  { "uv": [ 7, 9, 8, 7 ], "texture": "#texture" },
        "up":    { "uv": [ 7, 7, 8, 9 ], "texture": "#texture" },
        "south": { "uv": [ 7, 8, 8, 9 ], "texture": "#texture" },
        "west":  { "uv": [ 7, 7, 8, 9 ], "rotation": 90, "texture": "#texture" }
    }
},
{
    "from": [ 5, 0, 5 ],
    "to": [ 7, 1, 7 ],
    "faces": {
        "down":  { "uv": [ 5, 7, 7, 5 ], "texture": "#texture" },
        "up":    { "uv": [ 5, 5, 7, 7 ], "texture": "#texture" },
        "north": { "uv": [ 7, 5, 5, 6 ], "texture": "#texture" },
        "west":  { "uv": [ 6, 7, 5, 5 ], "rotation": 90, "texture": "#texture" }
    }
},
{
    "from": [ 15, 0, 14 ],
    "to": [ 16, 1, 15 ],
    "faces": {
        "down":  { "uv": [ 15, 15, 16, 14 ], "texture": "#texture" },
        "up":    { "uv": [ 15, 14, 16, 15 ], "texture": "#texture" },
        "south": { "uv": [ 15, 14, 16, 15 ], "texture": "#texture" },
        "east":  { "uv": [ 15, 14, 16, 15 ], "texture": "#texture" }
    }
},
{
    "from": [ 10, 0, 14 ],
    "to": [ 15, 1, 16 ],
    "faces": {
        "down":  { "uv": [ 10, 16, 15, 14 ], "texture": "#texture" },
        "up":    { "uv": [ 10, 14, 15, 16 ], "texture": "#texture" },
        "north": { "uv": [ 15, 15, 10, 14 ], "texture": "#texture" },
        "south": { "uv": [ 10, 15, 15, 16 ], "texture": "#texture" },
        "west":  { "uv": [ 11, 16, 10, 14 ], "rotation": 90, "texture": "#texture" },
        "east":  { "uv": [ 14, 14, 15, 16 ], "rotation": 90, "texture": "#texture" }
    }
},
{
    "from": [ 7, 0, 13 ],
    "to": [ 10, 1, 15 ],
    "faces": {
        "down":  { "uv": [ 7, 15, 10, 13 ], "texture": "#texture" },
        "up":    { "uv": [ 7, 13, 10, 15 ], "texture": "#texture" },
        "north": { "uv": [ 10, 13, 7, 14 ], "texture": "#texture" },
        "south": { "uv": [ 7, 14, 10, 15 ], "texture": "#texture" },
        "west":  { "uv": [ 8, 15, 7, 13 ], "rotation": 90, "texture": "#texture" },
        "east":  { "uv": [ 9, 13, 10, 15 ], "rotation": 90, "texture": "#texture" }
    }
},
{
    "from": [ 4, 0, 12 ],
    "to": [ 7, 1, 14 ],
    "faces": {
        "down":  { "uv": [ 4, 14, 7, 12 ], "texture": "#texture" },
        "up":    { "uv": [ 4, 12, 7, 14 ], "texture": "#texture" },
        "north": { "uv": [ 7, 12, 4, 13 ], "texture": "#texture" },
        "south": { "uv": [ 4, 13, 7, 14 ], "texture": "#texture" },
        "east":  { "uv": [ 6, 12, 7, 14 ], "rotation": 90, "texture": "#texture" }
    }
},
{
    "from": [ 1, 0, 11 ],
    "to": [ 3, 1, 13 ],
    "faces": {
        "down":  { "uv": [ 1, 13, 3, 11 ], "texture": "#texture" },
        "up":    { "uv": [ 1, 11, 3, 13 ], "texture": "#texture" },
        "north": { "uv": [ 3, 11, 1, 12 ], "texture": "#texture" },
        "south": { "uv": [ 1, 12, 3, 13 ], "texture": "#texture" },
        "west":  { "uv": [ 1, 11, 2, 13 ], "rotation": 90, "texture": "#texture" },
        "east":  { "uv": [ 2, 11, 3, 13 ], "rotation": 90, "texture": "#texture" }
    }
},
{
    "from": [ 6, 0, 6 ],
    "to": [ 7, 2, 7 ],
    "faces": {
        "down":  { "uv": [ 6, 7, 7, 6 ], "texture": "#texture" },
        "up":    { "uv": [ 6, 6, 7, 7 ], "texture": "#texture" },
        "north": { "uv": [ 6, 6, 7, 8 ], "texture": "#texture" },
        "west":  { "uv": [ 6, 6, 8, 7 ], "rotation": 90, "texture": "#texture" }
    }
},
{
    "from": [ 5, 0, 7 ],
    "to": [ 7, 2, 8 ],
    "faces": {
        "down":  { "uv": [ 5, 8, 7, 7 ], "texture": "#texture" },
        "up":    { "uv": [ 5, 7, 7, 8 ], "texture": "#texture" },
        "north": { "uv": [ 2, 14, 4, 16 ], "rotation": 90, "texture": "#texture" },
        "south": { "uv": [ 2, 14, 4, 16 ], "rotation": 90, "texture": "#texture" },
        "west":  { "uv": [ 5, 7, 7, 8 ], "rotation": 90, "texture": "#texture" },
        "east":  { "uv": [ 5, 7, 7, 8 ], "rotation": 90, "texture": "#texture" }
    }
},
{
    "from": [ 7, 0, 5 ],
    "to": [ 8, 2, 7 ],
    "faces": {
        "down":  { "uv": [ 7, 7, 8, 5 ], "texture": "#texture" },
        "up":    { "uv": [ 7, 5, 8, 7 ], "texture": "#texture" },
        "north": { "uv": [ 7, 5, 8, 7 ], "texture": "#texture" },
        "south": { "uv": [ 7, 5, 8, 7 ], "texture": "#texture" },
        "west":  { "uv": [ 14, 2, 16, 4 ], "texture": "#texture" },
        "east":  { "uv": [ 14, 2, 16, 4 ], "texture": "#texture" }
    }
},
{
    "from": [ 8, 0, 4 ],
    "to": [ 10, 2, 6 ],
    "faces": {
        "down":  { "uv": [ 8, 6, 10, 4 ], "texture": "#texture" },
        "up":    { "uv": [ 8, 4, 10, 6 ], "texture": "#texture" },
        "north": { "uv": [ 8, 4, 10, 6 ], "texture": "#texture" },
        "south": { "uv": [ 8, 4, 10, 6 ], "texture": "#texture" },
        "west":  { "uv": [ 8, 4, 10, 6 ], "texture": "#texture" },
        "east":  { "uv": [ 8, 4, 10, 6 ], "texture": "#texture" }
    }
},
{
    "from": [ 10, 0, 3 ],
    "to": [ 12, 2, 5 ],
    "faces": {
        "down":  { "uv": [ 10, 5, 12, 3 ], "texture": "#texture" },
        "up":    { "uv": [ 10, 3, 12, 5 ], "texture": "#texture" },
        "north": { "uv": [ 10, 3, 12, 5 ], "texture": "#texture" },
        "south": { "uv": [ 10, 3, 12, 5 ], "texture": "#texture" },
        "west":  { "uv": [ 10, 3, 12, 5 ], "texture": "#texture" },
        "east":  { "uv": [ 10, 3, 12, 5 ], "texture": "#texture" }
    }
},
{
    "from": [ 12, 0, 2 ],
    "to": [ 16, 2, 4 ],
    "faces": {
        "down":  { "uv": [ 12, 4, 16, 2 ], "texture": "#texture" },
        "up":    { "uv": [ 12, 2, 16, 4 ], "texture": "#texture" },
        "north": { "uv": [ 12, 2, 16, 4 ], "texture": "#texture" },
        "south": { "uv": [ 12, 2, 16, 4 ], "texture": "#texture" },
        "west":  { "uv": [ 14, 2, 16, 4 ], "texture": "#texture" },
        "east":  { "uv": [ 14, 2, 16, 4 ], "rotation": 90, "texture": "#texture" }
    }
},
{
    "from": [ 4, 0, 8 ],
    "to": [ 6, 2, 10 ],
    "faces": {
        "down":  { "uv": [ 4, 10, 6, 8 ], "texture": "#texture" },
        "up":    { "uv": [ 4, 8, 6, 10 ], "texture": "#texture" },
        "north": { "uv": [ 4, 8, 6, 10 ], "rotation": 90, "texture": "#texture" },
        "south": { "uv": [ 4, 8, 6, 10 ], "rotation": 90, "texture": "#texture" },
        "west":  { "uv": [ 4, 8, 6, 10 ], "rotation": 90, "texture": "#texture" },
        "east":  { "uv": [ 4, 8, 6, 10 ], "rotation": 90, "texture": "#texture" }
    }
},
{
    "from": [ 3, 0, 10 ],
    "to": [ 5, 2, 12 ],
    "faces": {
        "down":  { "uv": [ 3, 12, 5, 10 ], "texture": "#texture" },
        "up":    { "uv": [ 3, 10, 5, 12 ], "texture": "#texture" },
        "north": { "uv": [ 3, 10, 5, 12 ], "rotation": 90, "texture": "#texture" },
        "south": { "uv": [ 3, 10, 5, 12 ], "rotation": 90, "texture": "#texture" },
        "west":  { "uv": [ 3, 10, 5, 12 ], "rotation": 90, "texture": "#texture" },
        "east":  { "uv": [ 3, 10, 5, 12 ], "rotation": 90, "texture": "#texture" }
    }
},
{
    "from": [ 2, 0, 12 ],
    "to": [ 4, 2, 16 ],
    "faces": {
        "down":  { "uv": [ 2, 16, 4, 12 ], "texture": "#texture" },
        "up":    { "uv": [ 2, 12, 4, 16 ], "texture": "#texture" },
        "north": { "uv": [ 2, 14, 4, 16 ], "rotation": 90, "texture": "#texture" },
        "south": { "uv": [ 2, 14, 4, 16 ], "texture": "#texture" },
        "west":  { "uv": [ 2, 12, 4, 16 ], "rotation": 90, "texture": "#texture" },
        "east":  { "uv": [ 2, 12, 4, 16 ], "rotation": 90, "texture": "#texture" }
    }
},
{
    "from": [ 13, 0, 13 ],
    "to": [ 14, 2, 14 ],
    "faces": {
        "down":  { "uv": [ 13, 14, 14, 13 ], "texture": "#texture" },
        "up":    { "uv": [ 13, 13, 14, 14 ], "texture": "#texture" },
        "north": { "uv": [ 6, 6, 7, 8 ], "texture": "#texture" },
        "west":  { "uv": [ 6, 6, 7, 8 ], "texture": "#texture" }
    }
},
{
    "from": [ 14, 0, 12 ],
    "to": [ 16, 2, 14 ],
    "faces": {
        "down":  { "uv": [ 14, 14, 16, 12 ], "texture": "#texture" },
        "up":    { "uv": [ 14, 12, 16, 14 ], "texture": "#texture" },
        "north": { "uv": [ 12, 14, 14, 16 ], "rotation": 270, "texture": "#texture" },
        "south": { "uv": [ 12, 14, 14, 16 ], "rotation": 270, "texture": "#texture" },
        "west":  { "uv": [ 12, 14, 14, 16 ], "rotation": 270, "texture": "#texture" },
        "east":  { "uv": [ 14, 14, 12, 16 ], "texture": "#texture" }
    }
},
{
    "from": [ 12, 0, 14 ],
    "to": [ 14, 2, 16 ],
    "faces": {
        "down":  { "uv": [ 12, 16, 14, 14 ], "texture": "#texture" },
        "up":    { "uv": [ 12, 14, 14, 16 ], "texture": "#texture" },
        "north": { "uv": [ 12, 14, 14, 16 ], "rotation": 270, "texture": "#texture" },
        "south": { "uv": [ 12, 14, 14, 16 ], "texture": "#texture" },
        "west":  { "uv": [ 12, 14, 14, 16 ], "rotation": 270, "texture": "#texture" },
        "east":  { "uv": [ 12, 14, 14, 16 ], "rotation": 270, "texture": "#texture" }
    }
}
]
}