{
"ambientocclusion": false,
"textures": {
    "particle": "blocks/snow",
    "texture": "blocks/snow"
},
"elements": [ 
{
    "__comment": "NorthDrip2B",
    "from": [ 14, -3, -1 ],
    "to": [ 15, -2, 0 ],
    "faces": {
        "down":  { "uv": [ 14, 15, 15, 16 ], "texture": "#texture" },
        "north": { "uv": [ 1, 2, 2, 3 ], "texture": "#texture" },
        "south": { "uv": [ 14, 2, 15, 3 ], "texture": "#texture" },
        "west":  { "uv": [ 15, 2, 16, 3 ], "texture": "#texture" },
        "east":  { "uv": [ 0, 2, 1, 3 ], "texture": "#texture" }
    }
},
{
    "__comment": "NorthDrip1A",
    "from": [ 14, -2, -1 ],
    "to": [ 16, -1, 0 ],
    "faces": {
        "down":  { "uv": [ 14, 15, 16, 16 ], "texture": "#texture" },
        "north": { "uv": [ 0, 1, 2, 2 ], "texture": "#texture" },
        "south": { "uv": [ 14, 1, 16, 2 ], "texture": "#texture" },
        "west":  { "uv": [ 15, 1, 16, 2 ], "texture": "#texture" }
    }
},
{
    "__comment": "NorthDrip4A",
    "from": [ 11, -3, -1 ],
    "to": [ 13, -1, 0 ],
    "faces": {
        "down":  { "uv": [ 11, 15, 13, 16 ], "texture": "#texture" },
        "north": { "uv": [ 3, 1, 5, 3 ], "texture": "#texture" },
        "south": { "uv": [ 11, 1, 13, 3 ], "texture": "#texture" },
        "west":  { "uv": [ 15, 1, 16, 3 ], "texture": "#texture" },
        "east":  { "uv": [ 0, 1, 1, 3 ], "texture": "#texture" }
    }
},
{
    "__comment": "NorthDrip6B",
    "from": [ 10, -4, -1 ],
    "to": [ 11, -2, 0 ],
    "faces": {
        "down":  { "uv": [ 10, 15, 11, 16 ], "texture": "#texture" },
        "north": { "uv": [ 5, 2, 6, 4 ], "texture": "#texture" },
        "south": { "uv": [ 10, 2, 11, 4 ], "texture": "#texture" },
        "west":  { "uv": [ 15, 2, 16, 4 ], "texture": "#texture" },
        "east":  { "uv": [ 0, 2, 1, 4 ], "texture": "#texture" }
    }
},
{
    "__comment": "NorthDrip6A",
    "from": [ 9, -2, -1 ],
    "to": [ 11, -1, 0 ],
    "faces": {
        "down":  { "uv": [ 9, 15, 11, 16 ], "texture": "#texture" },
        "north": { "uv": [ 5, 1, 7, 2 ], "texture": "#texture" },
        "south": { "uv": [ 9, 1, 11, 2 ], "texture": "#texture" },
        "west":  { "uv": [ 15, 1, 16, 2 ], "texture": "#texture" }
    }
},
{
    "__comment": "NorthDrip10B",
    "from": [ 6, -3, -1 ],
    "to": [ 7, -2, 0 ],
    "faces": {
        "down":  { "uv": [ 6, 15, 7, 16 ], "texture": "#texture" },
        "north": { "uv": [ 9, 2, 10, 3 ], "texture": "#texture" },
        "south": { "uv": [ 6, 2, 7, 3 ], "texture": "#texture" },
        "west":  { "uv": [ 15, 2, 16, 3 ], "texture": "#texture" },
        "east":  { "uv": [ 0, 2, 1, 3 ], "texture": "#texture" }
    }
},
{
    "__comment": "NorthDrip12B",
    "from": [ 4, -3, -1 ],
    "to": [ 5, -2, 0 ],
    "faces": {
        "down":  { "uv": [ 4, 15, 5, 16 ], "texture": "#texture" },
        "north": { "uv": [ 11, 2, 12, 3 ], "texture": "#texture" },
        "south": { "uv": [ 4, 2, 5, 3 ], "texture": "#texture" },
        "east":  { "uv": [ 0, 2, 1, 3 ], "texture": "#texture" }
    }
},
{
    "__comment": "NorthDrip13B",
    "from": [ 3, -4, -1 ],
    "to": [ 4, -2, 0 ],
    "faces": {
        "down":  { "uv": [ 3, 15, 4, 16 ], "texture": "#texture" },
        "north": { "uv": [ 12, 2, 13, 4 ], "texture": "#texture" },
        "south": { "uv": [ 3, 2, 4, 4 ], "texture": "#texture" },
        "west":  { "uv": [ 15, 2, 16, 4 ], "texture": "#texture" },
        "east":  { "uv": [ 0, 2, 1, 4 ], "texture": "#texture" }
    }
},
{
    "__comment": "NorthDrip9A",
    "from": [ 2, -2, -1 ],
    "to": [ 8, -1, 0 ],
    "faces": {
        "down":  { "uv": [ 2, 15, 8, 16 ], "texture": "#texture" },
        "north": { "uv": [ 8, 1, 14, 2 ], "texture": "#texture" },
        "south": { "uv": [ 2, 1, 8, 2 ], "texture": "#texture" },
        "east":  { "uv": [ 0, 1, 1, 2 ], "texture": "#texture" }
    }
},
{
    "__comment": "NorthDrip15A",
    "from": [ 0, -3, -1 ],
    "to": [ 2, -1, 0 ],
    "faces": {
        "down":  { "uv": [ 0, 15, 2, 16 ], "texture": "#texture" },
        "north": { "uv": [ 14, 1, 16, 3 ], "texture": "#texture" },
        "south": { "uv": [ 0, 1, 2, 3 ], "texture": "#texture" },
        "east":  { "uv": [ 0, 1, 1, 3 ], "texture": "#texture" }
    }
},
{
    "__comment": "SouthWestCornerBottom",
    "from": [ -1, -3, 16 ],
    "to": [ 0, 0, 17 ],
    "faces": {
        "down":  { "uv": [ 0, 0, 1, 1 ], "texture": "#texture" },
        "north": { "uv": [ 0, 0, 1, 3 ], "texture": "#texture" },
        "south": { "uv": [ 15, 0, 16, 3 ], "texture": "#texture" },
        "west":  { "uv": [ 0, 0, 1, 3 ], "texture": "#texture" },
        "east":  { "uv": [ 15, 0, 16, 3 ], "texture": "#texture" }
    }
},
{
    "__comment": "NorthEastCornerTop",
    "from": [ 16, 0, -1 ],
    "to": [ 17, 4, 0 ],
    "faces": {
        "up":    { "uv": [ 0, 15, 1, 16 ], "texture": "#texture" },
        "north": { "uv": [ 15, 12, 16, 16 ], "texture": "#texture" },
        "east":  { "uv": [ 0, 12, 1, 16 ], "texture": "#texture" }
    }
},
{
    "__comment": "NorthEastCornerBottom",
    "from": [ 16, -3, -1 ],
    "to": [ 17, 0, 0 ],
    "faces": {
        "down":  { "uv": [ 0, 15, 1, 16 ], "texture": "#texture" },
        "north": { "uv": [ 15, 0, 16, 3 ], "texture": "#texture" },
        "south": { "uv": [ 0, 0, 1, 3 ], "texture": "#texture" },
        "west":  { "uv": [ 15, 0, 16, 3 ], "texture": "#texture" },
        "east":  { "uv": [ 0, 0, 1, 3 ], "texture": "#texture" }
    }
},
{
    "__comment": "NorthWestCornerBottom",
    "from": [ -1, -4, -1 ],
    "to": [ 0, 0, 0 ],
    "faces": {
        "down":  { "uv": [ 15, 15, 16, 16 ], "texture": "#texture" },
        "north": { "uv": [ 0, 0, 1, 4 ], "texture": "#texture" },
        "south": { "uv": [ 15, 0, 16, 4 ], "texture": "#texture" },
        "west":  { "uv": [ 15, 0, 16, 4 ], "texture": "#texture" },
        "east":  { "uv": [ 0, 0, 1, 4 ], "texture": "#texture" }
    }
},
{
    "__comment": "WestSide",
    "from": [ -1, 0, 0 ],
    "to": [ 0, 4, 16 ],
    "faces": {
        "up":    { "uv": [ 15, 0, 16, 16 ], "texture": "#texture" },
        "west":  { "uv": [ 0, 12, 16, 16 ], "texture": "#texture" }
    }
},
{
    "__comment": "NorthSide",
    "from": [ 0, 0, -1 ],
    "to": [ 16, 4, 0 ],
    "faces": {
        "up":    { "uv": [ 0, 15, 16, 16 ], "texture": "#texture" },
        "north": { "uv": [ 0, 12, 16, 16 ], "texture": "#texture" }
    }
},
{
    "__comment": "East Side",
    "from": [ 16, 0, 0 ],
    "to": [ 17, 4, 16 ],
    "faces": {
        "up":    { "uv": [ 0, 0, 1, 16 ], "texture": "#texture" },
        "east":  { "uv": [ 0, 12, 16, 16 ], "texture": "#texture" }
    }
},
{
    "__comment": "SouthSide",
    "from": [ 0, 0, 16 ],
    "to": [ 16, 4, 17 ],
    "faces": {
        "up":    { "uv": [ 0, 0, 16, 1 ], "texture": "#texture" },
        "south": { "uv": [ 0, 12, 16, 16 ], "texture": "#texture" }
    }
},
{
    "__comment": "Base",
    "from": [ 0, 0, 0 ],
    "to": [ 16, 4, 16 ],
    "faces": {
        "up":    { "uv": [ 0, 0, 16, 16 ], "texture": "#texture" }
    }
},
{
    "__comment": "WestDrip1A",
    "from": [ -1, -3, 0 ],
    "to": [ 0, -1, 2 ],
    "faces": {
        "down":  { "uv": [ 15, 0, 16, 2 ], "texture": "#texture" },
        "south": { "uv": [ 15, 1, 16, 3 ], "texture": "#texture" },
        "west":  { "uv": [ 0, 1, 2, 3 ], "texture": "#texture" },
        "east":  { "uv": [ 14, 1, 16, 3 ], "texture": "#texture" }
    }
},
{
    "__comment": "WestDrip2B",
    "from": [ -1, -4, 1 ],
    "to": [ 0, -3, 2 ],
    "faces": {
        "down":  { "uv": [ 15, 2, 16, 1 ], "texture": "#texture" },
        "north": { "uv": [ 0, 3, 1, 4 ], "texture": "#texture" },
        "south": { "uv": [ 15, 3, 16, 4 ], "texture": "#texture" },
        "west":  { "uv": [ 1, 3, 2, 4 ], "texture": "#texture" },
        "east":  { "uv": [ 14, 3, 15, 4 ], "texture": "#texture" }
    }
},
{
    "__comment": "WestDrip3A",
    "from": [ -1, -2, 2 ],
    "to": [ 0, -1, 3 ],
    "faces": {
        "down":  { "uv": [ 15, 3, 16, 2 ], "texture": "#texture" },
        "west":  { "uv": [ 2, 1, 3, 2 ], "texture": "#texture" },
        "east":  { "uv": [ 13, 1, 14, 2 ], "texture": "#texture" }
    }
},
{
    "__comment": "WestDrip4A",
    "from": [ -1, -3, 3 ],
    "to": [ 0, -1, 6 ],
    "faces": {
        "down":  { "uv": [ 15, 6, 16, 3 ], "texture": "#texture" },
        "north": { "uv": [ 0, 1, 1, 3 ], "texture": "#texture" },
        "south": { "uv": [ 15, 1, 16, 3 ], "texture": "#texture" },
        "west":  { "uv": [ 3, 1, 6, 3 ], "texture": "#texture" },
        "east":  { "uv": [ 10, 1, 13, 3 ], "texture": "#texture" }
    }
},
{
    "__comment": "WestDrip5B",
    "from": [ -1, -4, 4 ],
    "to": [ 0, -3, 5 ],
    "faces": {
        "down":  { "uv": [ 15, 4, 16, 5 ], "texture": "#texture" },
        "north": { "uv": [ 0, 3, 1, 4 ], "texture": "#texture" },
        "south": { "uv": [ 15, 3, 16, 4 ], "texture": "#texture" },
        "west":  { "uv": [ 4, 3, 5, 4 ], "texture": "#texture" },
        "east":  { "uv": [ 11, 3, 12, 4 ], "texture": "#texture" }
    }
},
{
    "__comment": "WestDrip8A",
    "from": [ -1, -2, 7 ],
    "to": [ 0, -1, 8 ],
    "faces": {
        "down":  { "uv": [ 15, 8, 16, 7 ], "texture": "#texture" },
        "north": { "uv": [ 0, 1, 1, 2 ], "texture": "#texture" },
        "west":  { "uv": [ 7, 1, 8, 2 ], "texture": "#texture" },
        "east":  { "uv": [ 8, 1, 9, 2 ], "texture": "#texture" }
    }
},
{
    "__comment": "WestDrip9A",
    "from": [ -1, -3, 8 ],
    "to": [ 0, -1, 9 ],
    "faces": {
        "down":  { "uv": [ 15, 9, 16, 8 ], "texture": "#texture" },
        "north": { "uv": [ 0, 1, 1, 3 ], "texture": "#texture" },
        "west":  { "uv": [ 8, 1, 9, 3 ], "texture": "#texture" },
        "east":  { "uv": [ 7, 1, 8, 3 ], "texture": "#texture" }
    }
},
{
    "__comment": "WestDrip10A",
    "from": [ -1, -4, 9 ],
    "to": [ 0, -1, 10 ],
    "faces": {
        "down":  { "uv": [ 15, 10, 16, 9 ], "texture": "#texture" },
        "north": { "uv": [ 0, 1, 1, 4 ], "texture": "#texture" },
        "south": { "uv": [ 15, 1, 16, 4 ], "texture": "#texture" },
        "west":  { "uv": [ 9, 1, 10, 4 ], "texture": "#texture" },
        "east":  { "uv": [ 6, 1, 7, 4 ], "texture": "#texture" }
    }
},
{
    "__comment": "WestDrip11A",
    "from": [ -1, -2, 10 ],
    "to": [ 0, -1, 11 ],
    "faces": {
        "down":  { "uv": [ 15, 11, 16, 10 ], "texture": "#texture" },
        "south": { "uv": [ 15, 1, 16, 2 ], "texture": "#texture" },
        "west":  { "uv": [ 10, 1, 11, 2 ], "texture": "#texture" },
        "east":  { "uv": [ 5, 1, 6, 2 ], "texture": "#texture" }
    }
},
{
    "__comment": "WestDrip13A",
    "from": [ -1, -2, 12 ],
    "to": [ 0, -1, 13 ],
    "faces": {
        "down":  { "uv": [ 15, 13, 16, 12 ], "texture": "#texture" },
        "north": { "uv": [ 0, 1, 1, 2 ], "texture": "#texture" },
        "west":  { "uv": [ 12, 1, 13, 2 ], "texture": "#texture" },
        "east":  { "uv": [ 3, 1, 4, 2 ], "texture": "#texture" }
    }
},
{
    "__comment": "WestDrip14A",
    "from": [ -1, -3, 13 ],
    "to": [ 0, -1, 14 ],
    "faces": {
        "down":  { "uv": [ 15, 14, 16, 13 ], "texture": "#texture" },
        "north": { "uv": [ 0, 1, 1, 3 ], "texture": "#texture" },
        "south": { "uv": [ 15, 1, 16, 3 ], "texture": "#texture" },
        "west":  { "uv": [ 13, 1, 14, 3 ], "texture": "#texture" },
        "east":  { "uv": [ 2, 1, 3, 3 ], "texture": "#texture" }
    }
},
{
    "__comment": "WestDrip15A",
    "from": [ -1, -2, 14 ],
    "to": [ 0, -1, 16 ],
    "faces": {
        "down":  { "uv": [ 15, 14, 16, 16 ], "texture": "#texture" },
        "west":  { "uv": [ 14, 1, 16, 2 ], "texture": "#texture" },
        "east":  { "uv": [ 0, 1, 2, 2 ], "texture": "#texture" }
    }
},
{
    "__comment": "EastDrip16A",
    "from": [ 16, -2, 0 ],
    "to": [ 17, -1, 1 ],
    "faces": {
        "down":  { "uv": [ 0, 1, 1, 0 ], "texture": "#texture" },
        "west":  { "uv": [ 0, 1, 1, 2 ], "texture": "#texture" },
        "east":  { "uv": [ 15, 1, 16, 2 ], "texture": "#texture" }
    }
},
{
    "__comment": "EastDrip15A",
    "from": [ 16, -3, 1 ],
    "to": [ 17, -1, 2 ],
    "faces": {
        "down":  { "uv": [ 0, 2, 1, 1 ], "texture": "#texture" },
        "north": { "uv": [ 15, 1, 16, 3 ], "texture": "#texture" },
        "west":  { "uv": [ 1, 1, 2, 3 ], "texture": "#texture" },
        "east":  { "uv": [ 14, 1, 15, 3 ], "texture": "#texture" }
    }
},
{
    "__comment": "EastDrip14A",
    "from": [ 16, -4, 2 ],
    "to": [ 17, -1, 3 ],
    "faces": {
        "down":  { "uv": [ 0, 3, 1, 2 ], "texture": "#texture" },
        "north": { "uv": [ 15, 1, 16, 4 ], "texture": "#texture" },
        "south": { "uv": [ 0, 1, 1, 4 ], "texture": "#texture" },
        "west":  { "uv": [ 2, 1, 3, 4 ], "texture": "#texture" },
        "east":  { "uv": [ 13, 1, 14, 4 ], "texture": "#texture" }
    }
},
{
    "__comment": "EastDrip13A",
    "from": [ 16, -2, 3 ],
    "to": [ 17, -1, 4 ],
    "faces": {
        "down":  { "uv": [ 0, 4, 1, 3 ], "texture": "#texture" },
        "south": { "uv": [ 0, 1, 1, 2 ], "texture": "#texture" },
        "west":  { "uv": [ 3, 1, 4, 2 ], "texture": "#texture" },
        "east":  { "uv": [ 12, 1, 13, 2 ], "texture": "#texture" }
    }
},
{
    "__comment": "EastDrip10A",
    "from": [ 16, -3, 5 ],
    "to": [ 17, -1, 7 ],
    "faces": {
        "down":  { "uv": [ 0, 7, 1, 5 ], "texture": "#texture" },
        "north": { "uv": [ 15, 1, 16, 3 ], "texture": "#texture" },
        "south": { "uv": [ 0, 1, 1, 3 ], "texture": "#texture" },
        "west":  { "uv": [ 5, 1, 7, 3 ], "texture": "#texture" },
        "east":  { "uv": [ 9, 1, 11, 3 ], "texture": "#texture" }
    }
},
{
    "__comment": "EastDrip9A",
    "from": [ 16, -2, 7 ],
    "to": [ 17, -1, 8 ],
    "faces": {
        "down":  { "uv": [ 0, 8, 1, 7 ], "texture": "#texture" },
        "south": { "uv": [ 0, 1, 1, 2 ], "texture": "#texture" },
        "west":  { "uv": [ 7, 1, 8, 2 ], "texture": "#texture" },
        "east":  { "uv": [ 8, 1, 9, 2 ], "texture": "#texture" }
    }
},
{
    "__comment": "EastDrip10B",
    "from": [ 16, -4, 6 ],
    "to": [ 17, -3, 7 ],
    "faces": {
        "down":  { "uv": [ 0, 7, 1, 6 ], "texture": "#texture" },
        "north": { "uv": [ 15, 3, 16, 4 ], "texture": "#texture" },
        "south": { "uv": [ 0, 3, 1, 4 ], "texture": "#texture" },
        "west":  { "uv": [ 6, 3, 7, 4 ], "texture": "#texture" },
        "east":  { "uv": [ 9, 3, 10, 4 ], "texture": "#texture" }
    }
},
{
    "__comment": "EastDrip7A",
    "from": [ 16, -2, 9 ],
    "to": [ 17, -1, 10 ],
    "faces": {
        "down":  { "uv": [ 0, 10, 1, 9 ], "texture": "#texture" },
        "north": { "uv": [ 15, 1, 16, 2 ], "texture": "#texture" },
        "west":  { "uv": [ 9, 1, 10, 2 ], "texture": "#texture" },
        "east":  { "uv": [ 6, 1, 7, 2 ], "texture": "#texture" }
    }
},
{
    "__comment": "EastDrip5A",
    "from": [ 16, -3, 10 ],
    "to": [ 17, -1, 12 ],
    "faces": {
        "down":  { "uv": [ 0, 12, 1, 10 ], "texture": "#texture" },
        "north": { "uv": [ 15, 1, 16, 3 ], "texture": "#texture" },
        "west":  { "uv": [ 10, 1, 12, 3 ], "texture": "#texture" },
        "east":  { "uv": [ 4, 1, 6, 3 ], "texture": "#texture" }
    }
},
{
    "__comment": "EastDrip4A",
    "from": [ 16, -4, 12 ],
    "to": [ 17, -1, 13 ],
    "faces": {
        "down":  { "uv": [ 0, 13, 1, 12 ], "texture": "#texture" },
        "north": { "uv": [ 15, 1, 16, 4 ], "texture": "#texture" },
        "south": { "uv": [ 0, 1, 1, 4 ], "texture": "#texture" },
        "west":  { "uv": [ 12, 1, 13, 4 ], "texture": "#texture" },
        "east":  { "uv": [ 3, 1, 4, 4 ], "texture": "#texture" }
    }
},
{
    "__comment": "EastDrip3A",
    "from": [ 16, -2, 13 ],
    "to": [ 17, -1, 14 ],
    "faces": {
        "down":  { "uv": [ 1, 14, 0, 13 ], "texture": "#texture" },
        "south": { "uv": [ 0, 1, 1, 2 ], "texture": "#texture" },
        "west":  { "uv": [ 13, 1, 14, 2 ], "texture": "#texture" },
        "east":  { "uv": [ 2, 1, 3, 2 ], "texture": "#texture" }
    }
},
{
    "__comment": "EastDrip1A",
    "from": [ 16, -3, 15 ],
    "to": [ 17, -1, 16 ],
    "faces": {
        "down":  { "uv": [ 0, 16, 1, 15 ], "texture": "#texture" },
        "north": { "uv": [ 15, 1, 16, 3 ], "texture": "#texture" },
        "west":  { "uv": [ 15, 1, 16, 3 ], "texture": "#texture" },
        "east":  { "uv": [ 0, 1, 1, 3 ], "texture": "#texture" }
    }
},
{
    "__comment": "SouthDrip2A",
    "from": [ 1, -2, 16 ],
    "to": [ 4, -1, 17 ],
    "faces": {
        "down":  { "uv": [ 1, 0, 4, 1 ], "texture": "#texture" },
        "north": { "uv": [ 12, 1, 15, 2 ], "texture": "#texture" },
        "south": { "uv": [ 1, 1, 4, 2 ], "texture": "#texture" },
        "west":  { "uv": [ 0, 1, 1, 2 ], "texture": "#texture" }
    }
},
{
    "__comment": "SouthDrip3B",
    "from": [ 2, -3, 16 ],
    "to": [ 3, -2, 17 ],
    "faces": {
        "down":  { "uv": [ 2, 0, 3, 1 ], "texture": "#texture" },
        "north": { "uv": [ 13, 2, 14, 3 ], "texture": "#texture" },
        "south": { "uv": [ 2, 2, 3, 3 ], "texture": "#texture" },
        "west":  { "uv": [ 0, 2, 1, 3 ], "texture": "#texture" },
        "east":  { "uv": [ 15, 2, 16, 3 ], "texture": "#texture" }
    }
},
{
    "__comment": "SouthDrip5A",
    "from": [ 4, -3, 16 ],
    "to": [ 6, -1, 17 ],
    "faces": {
        "down":  { "uv": [ 4, 0, 6, 1 ], "texture": "#texture" },
        "north": { "uv": [ 10, 1, 12, 3 ], "texture": "#texture" },
        "south": { "uv": [ 4, 1, 6, 3 ], "texture": "#texture" },
        "west":  { "uv": [ 0, 1, 1, 3 ], "texture": "#texture" },
        "east":  { "uv": [ 15, 1, 16, 3 ], "texture": "#texture" }
    }
},
{
    "__comment": "SouthDrip6B",
    "from": [ 5, -4, 16 ],
    "to": [ 6, -3, 17 ],
    "faces": {
        "down":  { "uv": [ 5, 0, 6, 1 ], "texture": "#texture" },
        "north": { "uv": [ 10, 3, 11, 4 ], "texture": "#texture" },
        "south": { "uv": [ 5, 3, 6, 4 ], "texture": "#texture" },
        "west":  { "uv": [ 0, 3, 1, 4 ], "texture": "#texture" },
        "east":  { "uv": [ 15, 3, 16, 4 ], "texture": "#texture" }
    }
},
{
    "__comment": "SouthDrip7A",
    "from": [ 6, -2, 16 ],
    "to": [ 7, -1, 17 ],
    "faces": {
        "down":  { "uv": [ 6, 0, 7, 1 ], "texture": "#texture" },
        "north": { "uv": [ 9, 1, 10, 2 ], "texture": "#texture" },
        "south": { "uv": [ 6, 1, 7, 2 ], "texture": "#texture" },
        "east":  { "uv": [ 0, 1, 1, 2 ], "texture": "#texture" }
    }
},
{
    "__comment": "SouthDrip9A",
    "from": [ 8, -2, 16 ],
    "to": [ 9, -1, 17 ],
    "faces": {
        "down":  { "uv": [ 8, 0, 9, 1 ], "texture": "#texture" },
        "north": { "uv": [ 7, 1, 8, 2 ], "texture": "#texture" },
        "south": { "uv": [ 8, 1, 9, 2 ], "texture": "#texture" },
        "west":  { "uv": [ 0, 1, 1, 2 ], "texture": "#texture" }
    }
},
{
    "__comment": "SouthDrip10A",
    "from": [ 9, -3, 16 ],
    "to": [ 11, -1, 17 ],
    "faces": {
        "down":  { "uv": [ 9, 0, 11, 1 ], "texture": "#texture" },
        "north": { "uv": [ 5, 1, 7, 3 ], "texture": "#texture" },
        "south": { "uv": [ 9, 1, 11, 3 ], "texture": "#texture" },
        "west":  { "uv": [ 0, 1, 1, 3 ], "texture": "#texture" },
        "east":  { "uv": [ 15, 1, 16, 3 ], "texture": "#texture" }
    }
},
{
    "__comment": "SouthDrip12A",
    "from": [ 11, -2, 16 ],
    "to": [ 12, -1, 17 ],
    "faces": {
        "down":  { "uv": [ 11, 0, 12, 1 ], "texture": "#texture" },
        "north": { "uv": [ 4, 1, 5, 2 ], "texture": "#texture" },
        "south": { "uv": [ 11, 1, 12, 2 ], "texture": "#texture" },
        "east":  { "uv": [ 15, 1, 16, 2 ], "texture": "#texture" }
    }
},
{
    "__comment": "SouthDrip14A",
    "from": [ 13, -3, 16 ],
    "to": [ 14, -1, 17 ],
    "faces": {
        "down":  { "uv": [ 13, 0, 14, 1 ], "texture": "#texture" },
        "north": { "uv": [ 2, 1, 3, 3 ], "texture": "#texture" },
        "south": { "uv": [ 13, 1, 14, 3 ], "texture": "#texture" },
        "west":  { "uv": [ 0, 1, 1, 3 ], "texture": "#texture" },
        "east":  { "uv": [ 15, 1, 16, 3 ], "texture": "#texture" }
    }
},
{
    "__comment": "SouthDrip15A",
    "from": [ 14, -2, 16 ],
    "to": [ 15, -1, 17 ],
    "faces": {
        "down":  { "uv": [ 14, 0, 15, 1 ], "texture": "#texture" },
        "north": { "uv": [ 1, 1, 2, 2 ], "texture": "#texture" },
        "south": { "uv": [ 14, 1, 15, 2 ], "texture": "#texture" }
    }
},
{
    "__comment": "SouthDrip16A",
    "from": [ 15, -3, 16 ],
    "to": [ 16, -1, 17 ],
    "faces": {
        "down":  { "uv": [ 15, 0, 16, 1 ], "texture": "#texture" },
        "north": { "uv": [ 0, 1, 1, 3 ], "texture": "#texture" },
        "south": { "uv": [ 15, 1, 16, 3 ], "texture": "#texture" },
        "west":  { "uv": [ 0, 1, 1, 3 ], "texture": "#texture" }
    }
},
{
    "__comment": "NorthSouthUnderBase",
    "from": [ 0, -1, -1 ],
    "to": [ 16, 0, 17 ],
    "faces": {
        "down":  { "uv": [ 0, 16, 16, 0 ], "texture": "#texture" },
        "up":    { "uv": [ 0, 0, 16, 16 ], "texture": "#texture" },
        "north": { "uv": [ 0, 0, 16, 1 ], "texture": "#texture" },
        "south": { "uv": [ 0, 0, 16, 1 ], "texture": "#texture" },
        "west":  { "uv": [ 0, 0, 16, 1 ], "texture": "#texture" },
        "east":  { "uv": [ 0, 0, 16, 1 ], "texture": "#texture" }
    }
},
{
    "__comment": "SouthWestCornerTop",
    "from": [ -1, 0, 16 ],
    "to": [ 0, 4, 17 ],
    "faces": {
        "up":    { "uv": [ 15, 0, 16, 1 ], "texture": "#texture" },
        "south": { "uv": [ 15, 12, 16, 16 ], "texture": "#texture" },
        "west":  { "uv": [ 0, 12, 1, 16 ], "texture": "#texture" }
    }
},
{
    "__comment": "SouthEastCornerTop",
    "from": [ 16, 0, 16 ],
    "to": [ 17, 4, 17 ],
    "faces": {
        "up":    { "uv": [ 0, 0, 1, 1 ], "texture": "#texture" },
        "south": { "uv": [ 0, 12, 1, 16 ], "texture": "#texture" },
        "east":  { "uv": [ 15, 12, 16, 16 ], "texture": "#texture" }
    }
},
{
    "__comment": "NorthWestCornerTop",
    "from": [ -1, 0, -1 ],
    "to": [ 0, 4, 0 ],
    "faces": {
        "up":    { "uv": [ 0, 15, 1, 16 ], "texture": "#texture" },
        "north": { "uv": [ 0, 12, 1, 16 ], "texture": "#texture" },
        "west":  { "uv": [ 15, 12, 16, 16 ], "texture": "#texture" }
    }
},
{
    "__comment": "EastWestUnderBase",
    "from": [ -1, -1, 0 ],
    "to": [ 17, 0, 16 ],
    "faces": {
        "down":  { "uv": [ 0, 16, 16, 0 ], "texture": "#texture" },
        "up":    { "uv": [ 0, 0, 16, 16 ], "texture": "#texture" },
        "north": { "uv": [ 0, 0, 16, 1 ], "texture": "#texture" },
        "south": { "uv": [ 0, 0, 16, 1 ], "texture": "#texture" },
        "west":  { "uv": [ 0, 0, 16, 1 ], "texture": "#texture" },
        "east":  { "uv": [ 0, 0, 16, 1 ], "texture": "#texture" }
    }
},
{
    "__comment": "SouthEastCornerBottom",
    "from": [ 16, -4, 16 ],
    "to": [ 17, 0, 17 ],
    "faces": {
        "down":  { "uv": [ 0, 0, 1, 1 ], "texture": "#texture" },
        "north": { "uv": [ 15, 0, 16, 4 ], "texture": "#texture" },
        "south": { "uv": [ 0, 0, 1, 4 ], "texture": "#texture" },
        "west":  { "uv": [ 0, 0, 1, 4 ], "texture": "#texture" },
        "east":  { "uv": [ 15, 0, 16, 4 ], "texture": "#texture" }
    }
}
]
}